Order_ID,Order_Date,Customer_ID,City,Category,Product,Quantity,Unit_Price,Discount,Sales,Profit,Sales_Channel
ORD10001,2025-04-13,CUST1248,Gurgaon,Clothing,Jacket,3,3200,0.0,9600.0,2939.08,Online
ORD10002,2025-12-15,CUST1168,Gurgaon,Furniture,Bookshelf,2,6000,0.15,10200.0,3464.47,Store
ORD10003,2025-09-28,CUST1203,Chandigarh,Electronics,Laptop,5,55000,0.0,275000.0,62687.47,Store
ORD10004,2025-04-17,CUST1188,Faridabad,Furniture,Desk,3,11000,0.0,33000.0,6925.2,Store
ORD10005,2025-03-13,CUST1076,Noida,Home & Kitchen,Cookware Set,5,3500,0.1,15750.0,3029.23,Online
ORD10006,2025-07-08,CUST1105,Ghaziabad,Electronics,Laptop,4,55000,0.2,176000.0,61960.01,Store
ORD10007,2025-01-21,CUST1083,Noida,Clothing,Sneakers,3,2800,0.2,6720.0,2303.07,Store
ORD10008,2025-04-13,CUST1089,Gurgaon,Clothing,Jeans,4,1800,0.0,7200.0,1472.83,Store
ORD10009,2025-05-02,CUST1023,Chandigarh,Furniture,Table Lamp,3,1800,0.2,4320.0,1381.21,Online
ORD10010,2025-08-03,CUST1247,Gurgaon,Electronics,Laptop,1,55000,0.0,55000.0,11004.68,Store
ORD10011,2025-11-27,CUST1067,Chandigarh,Furniture,Office Chair,3,8500,0.1,22950.0,6740.29,Online
ORD10012,2025-03-29,CUST1157,Delhi,Furniture,Table Lamp,2,1800,0.15,3060.0,676.86,Store
ORD10013,2025-04-10,CUST1185,Delhi,Home & Kitchen,Cookware Set,3,3500,0.15,8925.0,1610.62,Online
ORD10014,2025-12-26,CUST1086,Gurgaon,Furniture,Office Chair,3,8500,0.0,25500.0,9518.98,Store
ORD10015,2025-06-01,CUST1038,Ghaziabad,Furniture,Office Chair,3,8500,0.05,24225.0,7548.11,Online
ORD10016,2025-05-11,CUST1184,Chandigarh,Home & Kitchen,Air Fryer,4,7000,0.2,22400.0,7940.85,Online
ORD10017,2025-05-30,CUST1076,Ghaziabad,Furniture,Table Lamp,5,1800,0.2,7200.0,2405.88,Store
ORD10018,2025-11-05,CUST1026,,Clothing,Jacket,3,3200,0.1,8640.0,2306.0,Online
ORD10019,2025-09-15,CUST1104,Jaipur,Furniture,Office Chair,4,8500,0.1,30600.0,5758.46,Store
ORD10020,2025-12-10,CUST1141,Jaipur,Furniture,Table Lamp,2,1800,0.1,3240.0,1131.83,Store
ORD10021,2025-10-21,CUST1236,Faridabad,Clothing,T-Shirt,1,900,0.15,765.0,199.98,Store
ORD10022,2025-07-11,CUST1106,Delhi,Electronics,Monitor,5,12000,0.2,48000.0,11450.51,Store
ORD10023,2025-10-04,CUST1029,Jaipur,Home & Kitchen,Air Fryer,2,7000,0.0,14000.0,4132.43,Store
ORD10024,2025-06-10,CUST1149,Gurgaon,Clothing,T-Shirt,3,900,0.0,2700.0,964.85,Store
ORD10025,2025-11-10,CUST1055,Noida,Electronics,Monitor,1,12000,0.0,12000.0,2472.25,Store
ORD10026,2025-01-22,CUST1202,Faridabad,Home & Kitchen,Air Fryer,5,7000,0.0,35000.0,8090.25,Online
ORD10027,2025-09-10,CUST1244,Delhi,Furniture,Office Chair,2,8500,0.0,17000.0,6071.49,Store
ORD10028,2025-08-24,CUST1091,Delhi,Clothing,Jacket,2,3200,0.05,6080.0,1725.7,Store
ORD10029,2025-12-11,CUST1182,Delhi,Clothing,Jacket,3,3200,0.15,8160.0,1611.19,Online
ORD10030,2025-02-18,CUST1063,Noida,Electronics,Monitor,5,12000,0.0,60000.0,18451.27,Store
ORD10031,2025-02-28,CUST1199,Delhi,Clothing,Jeans,4,1800,0.05,6840.0,1691.48,Store
ORD10032,2025-06-19,CUST1220,Chandigarh,Clothing,T-Shirt,1,900,0.15,765.0,227.26,Online
ORD10033,2025-07-07,CUST1222,Chandigarh,Furniture,Table Lamp,1,1800,0.0,1800.0,572.42,Online
ORD10034,2025-09-28,CUST1221,Jaipur,Clothing,Jacket,3,3200,0.2,7680.0,1958.44,Store
ORD10035,2025-07-09,CUST1115,Chandigarh,Furniture,Table Lamp,3,1800,0.05,5130.0,1647.71,Store
ORD10036,2025-06-24,CUST1166,Noida,Electronics,Headphones,4,2500,0.0,10000.0,2998.47,Online
ORD10037,2025-02-20,CUST1131,Gurgaon,Electronics,Monitor,1,12000,0.2,9600.0,3503.03,Store
ORD10038,2025-12-30,CUST1055,Faridabad,Electronics,Smartphone,2,22000,0.15,37400.0,8222.39,Store
ORD10039,2025-02-24,CUST1067,Chandigarh,Electronics,Headphones,5,2500,0.0,12500.0,3370.69,Online
ORD10040,2025-09-01,CUST1067,Noida,Home & Kitchen,Air Fryer,5,7000,0.0,35000.0,7700.59,Online
ORD10041,2025-11-16,CUST1078,Jaipur,Clothing,Sneakers,2,2800,0.1,5040.0,1670.08,Online
ORD10042,2025-05-11,CUST1213,Jaipur,Home & Kitchen,Bedsheet,4,1600,0.15,5440.0,1340.32,Online
ORD10043,2025-11-03,CUST1151,Ghaziabad,Furniture,Bookshelf,2,6000,,11400.0,4137.04,Online
ORD10044,2025-05-15,CUST1188,Gurgaon,Home & Kitchen,Bedsheet,5,1600,0.1,7200.0,1896.42,Store
ORD10045,2025-01-21,CUST1130,Noida,Electronics,Laptop,5,55000,0.15,233750.0,73123.27,Online
ORD10046,2025-11-25,CUST1166,Jaipur,Furniture,Bookshelf,4,6000,0.15,20400.0,5205.47,Online
ORD10047,2025-06-16,CUST1250,Jaipur,Electronics,Headphones,5,2500,0.15,10625.0,3571.04,Store
ORD10048,2025-10-01,CUST1059,Jaipur,Furniture,Table Lamp,1,1800,0.05,1710.0,456.3,Online
ORD10049,2025-03-30,CUST1014,Delhi,Home & Kitchen,Bedsheet,1,1600,0.05,1520.0,570.77,Store
ORD10050,2025-11-12,CUST1246,Jaipur,Electronics,Headphones,5,2500,0.0,12500.0,4105.28,Online
ORD10051,2025-01-14,CUST1109,Gurgaon,Home & Kitchen,Cookware Set,4,3500,0.05,13300.0,3655.66,Online
ORD10052,2025-08-30,CUST1042,Faridabad,Furniture,Office Chair,3,8500,0.05,24225.0,6639.29,Online
ORD10053,2025-09-22,CUST1230,Gurgaon,Furniture,Desk,2,11000,0.0,22000.0,6576.91,Store
ORD10054,2025-12-12,CUST1027,Delhi,Furniture,Bookshelf,5,6000,0.05,28500.0,10031.89,Online
ORD10055,2025-02-22,CUST1249,Ghaziabad,Furniture,Desk,3,11000,0.05,31350.0,8147.76,Online
ORD10056,2025-12-06,CUST1220,Jaipur,Clothing,Jeans,5,1800,0.0,9000.0,2666.21,Store
ORD10057,2025-04-02,CUST1193,Noida,Home & Kitchen,Cookware Set,2,3500,0.15,5950.0,1120.23,Online
ORD10058,2025-09-21,CUST1011,Noida,Electronics,Monitor,3,12000,0.05,34200.0,12529.17,Store
ORD10059,2025-02-04,CUST1227,Jaipur,Electronics,Monitor,1,12000,0.1,10800.0,3462.22,Store
ORD10060,2025-07-25,CUST1239,Faridabad,Furniture,Bookshelf,5,6000,0.0,30000.0,9780.53,Online
ORD10061,2025-03-22,CUST1109,Noida,Electronics,Smartphone,4,22000,0.1,79200.0,16688.9,Store
ORD10062,2025-02-19,CUST1201,Delhi,Clothing,T-Shirt,2,900,0.05,1710.0,613.34,Online
ORD10063,2025-12-26,CUST1025,Chandigarh,Clothing,T-Shirt,5,900,0.1,4050.0,1054.39,Online
ORD10064,2025-01-02,CUST1179,Jaipur,Electronics,Smartphone,2,22000,0.2,35200.0,13359.53,Store
ORD10065,2025-02-23,CUST1187,Noida,Electronics,Headphones,4,2500,0.1,9000.0,2853.73,Online
ORD10066,2025-04-16,CUST1241,Chandigarh,Home & Kitchen,Mixer,1,4500,0.05,4275.0,1034.07,Store
ORD10067,2025-09-17,CUST1229,Jaipur,Home & Kitchen,Cookware Set,3,3500,0.2,8400.0,1916.82,Store
ORD10068,2025-11-06,CUST1143,Noida,Furniture,Desk,1,11000,0.05,10450.0,2948.1,Store
ORD10069,2025-07-10,CUST1010,Chandigarh,Clothing,T-Shirt,5,900,0.05,4275.0,1590.79,Online
ORD10070,2025-08-06,CUST1135,Jaipur,Furniture,Bookshelf,2,6000,0.2,9600.0,2739.44,Online
ORD10071,2025-02-13,CUST1242,Noida,Furniture,Office Chair,1,8500,0.1,7650.0,1492.67,Online
ORD10072,2025-06-11,CUST1146,Noida,Home & Kitchen,Mixer,2,4500,0.15,7650.0,1614.84,Store
ORD10073,2025-07-21,CUST1045,Gurgaon,Furniture,Bookshelf,1,6000,0.1,5400.0,1446.47,Online
ORD10074,2025-09-27,CUST1108,Chandigarh,Furniture,Office Chair,3,8500,0.05,24225.0,5694.0,Online
ORD10075,2025-12-17,CUST1153,Ghaziabad,Furniture,Table Lamp,1,1800,0.15,1530.0,339.44,Store
ORD10076,2025-10-31,CUST1194,Chandigarh,Electronics,Laptop,5,55000,0.05,261250.0,53469.23,Online
ORD10077,2025-09-28,CUST1141,Gurgaon,Clothing,Jeans,2,1800,0.1,3240.0,664.39,Store
ORD10078,2025-08-03,CUST1244,Ghaziabad,Home & Kitchen,Bedsheet,3,1600,0.1,4320.0,779.38,Store
ORD10079,2025-09-09,CUST1016,Faridabad,Electronics,Laptop,5,55000,0.2,220000.0,62489.62,Online
ORD10080,2025-07-09,CUST1084,Ghaziabad,Clothing,T-Shirt,2,900,0.0,1800.0,562.91,Online
ORD10081,2025-10-23,CUST1120,Jaipur,Home & Kitchen,Cookware Set,1,3500,0.1,3150.0,902.59,Store
ORD10082,2025-08-01,CUST1193,Ghaziabad,Electronics,Monitor,2,12000,0.2,19200.0,7134.36,Store
ORD10083,2025-07-27,CUST1196,Faridabad,Home & Kitchen,Air Fryer,1,7000,0.0,7000.0,2111.72,Online
ORD10084,2025-08-25,CUST1124,Jaipur,Clothing,Jeans,5,1800,0.2,7200.0,2363.06,Online
ORD10085,2025-12-04,CUST1199,Faridabad,Furniture,Table Lamp,3,1800,0.2,4320.0,786.94,Store
ORD10086,2025-02-22,CUST1117,Noida,Clothing,Jacket,4,3200,0.2,10240.0,2560.72,Online
ORD10087,2025-10-07,CUST1218,Delhi,Home & Kitchen,Cookware Set,2,3500,0.1,6300.0,2171.57,Online
ORD10088,2025-08-05,CUST1047,Chandigarh,Clothing,Jeans,3,1800,0.2,4320.0,1591.62,Online
ORD10089,2025-09-09,CUST1061,Noida,Clothing,T-Shirt,3,900,0.15,2295.0,415.44,Store
ORD10090,2025-07-07,CUST1216,Noida,Electronics,Smartphone,2,22000,0.05,41800.0,10065.27,Store
ORD10091,2025-02-10,CUST1073,Faridabad,Electronics,Smartphone,5,22000,0.2,88000.0,23989.25,Store
ORD10092,2025-06-06,CUST1067,Noida,Furniture,Office Chair,2,8500,0.1,15300.0,3128.97,Store
ORD10093,2025-01-15,CUST1076,Gurgaon,Home & Kitchen,Mixer,1,4500,0.1,4050.0,764.92,Online
ORD10094,2025-10-28,CUST1226,Faridabad,Home & Kitchen,Air Fryer,1,7000,0.2,5600.0,1304.56,Online
ORD10095,2025-03-06,CUST1146,Jaipur,Furniture,Desk,3,11000,0.2,26400.0,9774.42,Online
ORD10096,2025-12-11,CUST1081,Gurgaon,Clothing,Sneakers,5,2800,0.15,11900.0,4340.81,Store
ORD10097,2025-11-23,CUST1056,Gurgaon,Home & Kitchen,Mixer,5,4500,0.1,20250.0,4355.04,Store
ORD10098,2025-01-09,CUST1216,Noida,Clothing,Jacket,5,3200,0.2,12800.0,2985.19,Store
ORD10099,2025-12-10,CUST1048,Delhi,Furniture,Table Lamp,4,1800,0.0,7200.0,2509.43,Online
ORD10100,2025-05-09,CUST1100,Chandigarh,Clothing,Jacket,5,3200,0.0,16000.0,3103.71,Online
ORD10101,2025-05-16,CUST1058,Delhi,Furniture,Desk,4,11000,0.2,35200.0,7174.67,Online
ORD10102,2025-03-04,CUST1181,Jaipur,Home & Kitchen,Air Fryer,2,7000,0.05,13300.0,2872.94,Online
ORD10103,2025-05-19,CUST1077,Ghaziabad,Home & Kitchen,Air Fryer,2,7000,0.15,11900.0,3198.29,Store
ORD10104,2025-03-22,CUST1113,Delhi,Furniture,Bookshelf,2,6000,0.2,9600.0,2463.5,Online
ORD10105,2025-06-12,CUST1109,Noida,Furniture,Table Lamp,2,1800,0.15,3060.0,1157.25,Store
ORD10106,2025-10-16,CUST1226,Chandigarh,Furniture,Desk,3,11000,0.05,31350.0,9202.85,Store
ORD10107,2025-09-18,CUST1148,Faridabad,Clothing,Sneakers,5,2800,0.2,11200.0,2489.07,Store
ORD10108,2025-08-19,CUST1145,Gurgaon,Electronics,Monitor,3,12000,0.0,36000.0,8128.91,Store
ORD10109,2025-02-10,CUST1014,Chandigarh,Electronics,Laptop,2,55000,0.1,99000.0,20742.19,Online
ORD10110,2025-01-28,CUST1125,Faridabad,Clothing,Sneakers,4,2800,0.1,10080.0,3568.15,Online
ORD10111,2025-05-15,CUST1079,Noida,Home & Kitchen,Mixer,3,4500,0.0,13500.0,4256.25,Online
ORD10112,2025-07-20,CUST1029,Faridabad,Clothing,Jeans,2,1800,0.05,3420.0,1112.44,Online
ORD10113,2025-11-24,CUST1119,Ghaziabad,Electronics,Smartphone,5,22000,0.0,110000.0,38200.28,Online
ORD10114,2025-09-25,CUST1084,Jaipur,Clothing,Jacket,4,3200,0.05,12160.0,2741.29,Online
ORD10115,2025-02-02,CUST1184,Faridabad,Clothing,Jacket,3,3200,0.0,9600.0,1798.59,Online
ORD10116,2025-02-17,CUST1147,Delhi,Furniture,Office Chair,5,8500,0.1,38250.0,7156.42,Online
ORD10117,2025-03-03,CUST1166,Chandigarh,Electronics,Smartphone,3,22000,0.0,66000.0,20846.2,Store
ORD10118,2025-08-04,CUST1012,Gurgaon,Home & Kitchen,Mixer,3,4500,0.0,13500.0,3370.5,Online
ORD10119,2025-10-20,CUST1145,Ghaziabad,Clothing,Sneakers,3,2800,0.15,7140.0,2448.27,Online
ORD10120,2025-04-09,CUST1131,Ghaziabad,Furniture,Table Lamp,3,1800,0.05,5130.0,1168.59,Store
ORD10121,2025-06-21,CUST1148,Jaipur,Clothing,Sneakers,5,2800,0.15,11900.0,2219.32,Online
ORD10122,2025-12-26,CUST1009,Jaipur,Clothing,T-Shirt,1,900,0.15,765.0,252.83,Store
ORD10123,2025-08-02,CUST1088,Noida,Clothing,T-Shirt,4,900,0.2,2880.0,939.46,Store
ORD10124,2025-02-04,CUST1064,Gurgaon,Home & Kitchen,Mixer,1,4500,0.2,3600.0,1315.84,Store
ORD10125,2025-08-15,CUST1102,Delhi,Home & Kitchen,Air Fryer,3,7000,0.2,16800.0,3840.28,Store
ORD10126,2025-04-11,CUST1121,Jaipur,Clothing,Jacket,3,3200,0.0,9600.0,3183.27,Store
ORD10127,2025-05-11,CUST1168,Gurgaon,Home & Kitchen,Air Fryer,4,7000,0.15,23800.0,7396.96,Store
ORD10128,2025-09-14,CUST1205,Jaipur,Electronics,Laptop,2,55000,0.0,110000.0,39866.94,Online
ORD10129,2025-01-05,CUST1194,Jaipur,Home & Kitchen,Mixer,4,4500,0.05,17100.0,5140.52,Online
ORD10130,2025-08-06,CUST1106,Chandigarh,Clothing,Jeans,2,1800,0.05,3420.0,737.73,Store
ORD10131,2025-09-12,CUST1134,Delhi,Electronics,Laptop,3,55000,0.2,132000.0,31509.04,Store
ORD10132,2025-12-25,CUST1072,Gurgaon,Clothing,T-Shirt,1,900,0.05,855.0,164.98,Store
ORD10133,2025-10-10,CUST1203,Faridabad,Home & Kitchen,Cookware Set,4,3500,0.1,12600.0,3567.32,Store
ORD10134,2025-07-26,CUST1127,Delhi,Electronics,Monitor,2,12000,0.05,22800.0,6471.08,Store
ORD10135,2025-01-15,CUST1087,Faridabad,Clothing,Jeans,3,1800,0.05,5130.0,1887.48,Online
ORD10136,2025-12-12,CUST1055,Jaipur,Clothing,T-Shirt,5,900,0.1,4050.0,1361.44,Store
ORD10137,2025-02-11,CUST1051,Faridabad,Home & Kitchen,Mixer,5,4500,0.2,18000.0,4468.65,Store
ORD10138,2025-06-28,CUST1096,Delhi,Furniture,Desk,2,11000,0.1,19800.0,6619.32,Online
ORD10139,2025-03-04,CUST1189,Ghaziabad,Electronics,Smartphone,4,22000,0.05,83600.0,25025.47,Store
ORD10140,2025-12-18,CUST1213,Chandigarh,Home & Kitchen,Air Fryer,1,7000,0.15,5950.0,2053.71,Store
ORD10141,2025-08-19,CUST1108,Jaipur,Home & Kitchen,Mixer,4,4500,0.2,14400.0,4475.71,Store
ORD10142,2025-08-29,CUST1105,Faridabad,Clothing,Sneakers,2,2800,0.0,5600.0,1552.32,Store
ORD10143,2025-02-21,CUST1162,Faridabad,Furniture,Office Chair,2,8500,0.15,14450.0,2966.81,Store
ORD10144,2025-04-06,CUST1246,Ghaziabad,Furniture,Bookshelf,2,6000,0.1,10800.0,2824.52,Store
ORD10145,2025-08-10,CUST1143,Delhi,Electronics,Smartphone,5,22000,0.05,104500.0,26510.39,Online
ORD10146,2025-08-19,CUST1078,Gurgaon,Clothing,Jeans,4,1800,0.05,6840.0,2274.24,Online
ORD10147,2025-08-25,CUST1246,Faridabad,Furniture,Office Chair,5,8500,0.2,34000.0,9947.28,Online
ORD10148,2025-05-23,CUST1070,Delhi,Home & Kitchen,Air Fryer,1,7000,0.15,5950.0,1555.39,Online
ORD10149,2025-06-20,CUST1229,Ghaziabad,Clothing,T-Shirt,1,900,0.15,765.0,251.21,Online
ORD10150,2025-01-29,CUST1047,Chandigarh,Electronics,Laptop,4,55000,0.15,187000.0,34788.69,Online
ORD10151,2025-02-05,CUST1076,Jaipur,Clothing,Jeans,3,1800,0.05,5130.0,1488.95,Online
ORD10152,2025-01-13,CUST1204,Delhi,Electronics,Laptop,5,55000,0.15,233750.0,61341.41,Online
ORD10153,2025-06-09,CUST1165,Chandigarh,Home & Kitchen,Bedsheet,4,1600,0.15,5440.0,2027.3,Online
ORD10154,2025-11-23,CUST1044,Faridabad,Clothing,Sneakers,5,2800,0.0,14000.0,2956.32,Online
ORD10155,2025-07-06,CUST1114,Jaipur,Home & Kitchen,Air Fryer,4,7000,0.1,25200.0,9011.93,Store
ORD10156,2025-08-31,CUST1001,Chandigarh,Clothing,T-Shirt,5,900,0.15,3825.0,1413.95,Online
ORD10157,2025-03-27,CUST1161,Delhi,Furniture,Desk,5,11000,0.2,44000.0,15940.71,Online
ORD10158,2025-10-11,CUST1242,Noida,Home & Kitchen,Cookware Set,4,3500,0.05,13300.0,3996.97,Online
ORD10159,2025-03-07,CUST1185,Chandigarh,Home & Kitchen,Cookware Set,2,3500,0.0,7000.0,1765.23,Online
ORD10160,2025-06-19,CUST1038,Faridabad,Furniture,Table Lamp,3,1800,0.05,5130.0,1597.84,Online
ORD10161,2025-02-14,CUST1234,Faridabad,Home & Kitchen,Bedsheet,5,1600,0.15,6800.0,1625.63,Online
ORD10162,2025-03-03,CUST1008,Ghaziabad,Furniture,Table Lamp,2,1800,0.2,2880.0,1040.31,Store
ORD10163,2025-05-14,CUST1119,Gurgaon,Furniture,Desk,5,11000,0.05,52250.0,12940.94,Online
ORD10164,2025-10-11,CUST1136,Chandigarh,Clothing,Jeans,2,1800,0.05,3420.0,876.99,Store
ORD10165,2025-01-28,CUST1046,Faridabad,Electronics,Laptop,4,55000,0.1,198000.0,38374.43,Online
ORD10166,2025-04-18,CUST1105,Gurgaon,Electronics,Laptop,3,55000,0.2,132000.0,32551.95,Store
ORD10167,2025-02-13,CUST1063,Delhi,Clothing,Sneakers,2,2800,0.05,5320.0,1377.93,Online
ORD10168,2025-12-06,CUST1077,Chandigarh,Clothing,T-Shirt,1,900,0.2,720.0,160.94,Online
ORD10169,2025-10-13,CUST1238,Faridabad,Clothing,Jacket,4,3200,0.05,12160.0,3637.93,Store
ORD10170,2025-11-27,CUST1023,Noida,Electronics,Smartphone,2,22000,0.05,41800.0,8544.83,Online
ORD10171,2025-05-08,CUST1065,Faridabad,Clothing,Jacket,1,3200,0.0,3200.0,1005.84,Store
ORD10172,2025-12-14,CUST1217,Delhi,Furniture,Bookshelf,5,6000,0.1,27000.0,8161.79,Online
ORD10173,2025-08-19,CUST1218,Noida,Home & Kitchen,Bedsheet,1,1600,0.1,1440.0,481.75,Online
ORD10174,2025-07-09,CUST1003,Ghaziabad,Furniture,Table Lamp,2,1800,0.05,3420.0,982.57,Store
ORD10175,2025-08-13,CUST1154,Delhi,Furniture,Table Lamp,2,1800,0.15,3060.0,1147.11,Store
ORD10176,2025-10-10,CUST1228,Chandigarh,Furniture,Office Chair,2,8500,0.2,13600.0,4498.69,Online
ORD10177,2025-05-01,CUST1237,Ghaziabad,Home & Kitchen,Bedsheet,2,1600,0.15,2720.0,513.8,Online
ORD10178,2025-04-26,CUST1036,Noida,Clothing,Jacket,5,3200,0.15,13600.0,2571.32,Online
ORD10179,2025-08-21,CUST1019,Gurgaon,Home & Kitchen,Air Fryer,4,7000,0.2,22400.0,6365.26,Store
ORD10180,2025-09-16,CUST1027,Ghaziabad,Home & Kitchen,Mixer,4,4500,0.2,14400.0,4651.57,Online
ORD10181,2025-12-25,CUST1146,Gurgaon,Clothing,Sneakers,3,2800,0.05,7980.0,2058.31,Online
ORD10182,2025-07-17,CUST1203,Chandigarh,Home & Kitchen,Mixer,4,4500,0.05,17100.0,6081.15,Online
ORD10183,2025-05-17,CUST1191,Delhi,Clothing,Sneakers,2,2800,0.2,4480.0,1537.01,Store
ORD10184,2025-11-14,CUST1118,Chandigarh,Home & Kitchen,Mixer,2,4500,0.15,7650.0,2257.47,Store
ORD10185,2025-06-14,CUST1123,Ghaziabad,Electronics,Laptop,4,55000,0.2,176000.0,44593.07,Online
ORD10186,2025-08-13,CUST1009,Chandigarh,Furniture,Desk,5,11000,0.15,46750.0,15632.45,Store
ORD10187,2025-11-03,CUST1072,Delhi,Furniture,Table Lamp,2,1800,0.0,3600.0,763.3,Store
ORD10188,2025-08-22,CUST1019,Faridabad,Clothing,Jacket,5,3200,0.15,13600.0,4420.53,Store
ORD10189,2025-06-21,CUST1164,Gurgaon,Furniture,Bookshelf,2,6000,0.0,12000.0,4330.72,Online
ORD10190,2025-06-01,CUST1227,Faridabad,Furniture,Bookshelf,2,6000,0.2,9600.0,3325.41,Store
ORD10191,2025-11-11,CUST1037,Chandigarh,Electronics,Laptop,5,55000,0.0,275000.0,94685.47,Online
ORD10192,2025-06-09,CUST1077,Ghaziabad,Clothing,Sneakers,3,2800,0.05,7980.0,2622.41,Online
ORD10193,2025-04-06,CUST1007,Ghaziabad,Home & Kitchen,Cookware Set,1,3500,0.05,3325.0,1080.93,Store
ORD10194,2025-08-21,CUST1241,Noida,Electronics,Smartphone,2,22000,0.2,35200.0,8324.11,Online
ORD10195,2025-06-29,CUST1102,Gurgaon,Furniture,Table Lamp,4,1800,0.1,6480.0,1680.63,Store
ORD10196,2025-04-23,CUST1097,Faridabad,Furniture,Bookshelf,5,6000,0.15,25500.0,9253.14,Online
ORD10197,2025-11-14,CUST1231,Faridabad,Clothing,T-Shirt,1,900,0.1,810.0,252.14,Online
ORD10198,2025-02-21,CUST1172,Noida,Electronics,Laptop,4,55000,0.05,209000.0,51430.61,Store
ORD10199,2025-09-25,CUST1125,Gurgaon,Furniture,Office Chair,2,8500,0.1,15300.0,4183.15,Online
ORD10200,2025-10-22,CUST1209,Noida,Furniture,Desk,2,11000,0.15,18700.0,4630.72,Store
ORD10201,2025-04-23,CUST1197,Ghaziabad,Furniture,Bookshelf,4,6000,0.15,20400.0,7389.83,Online
ORD10202,2025-04-11,CUST1121,Chandigarh,Home & Kitchen,Air Fryer,1,7000,0.05,6650.0,2398.42,Store
ORD10203,2025-04-23,CUST1003,Jaipur,Clothing,Sneakers,1,2800,0.15,2380.0,437.33,Online
ORD10204,2025-03-22,CUST1005,Faridabad,Furniture,Bookshelf,4,6000,0.1,21600.0,7549.56,Store
ORD10205,2025-07-06,CUST1149,Faridabad,Furniture,Table Lamp,4,1800,0.0,7200.0,1523.47,Store
ORD10206,2025-04-23,CUST1204,Jaipur,Furniture,Desk,2,11000,0.0,22000.0,5682.66,Store
ORD10207,2025-01-02,CUST1114,Ghaziabad,Electronics,Headphones,5,2500,0.15,10625.0,3393.35,Store
ORD10208,2025-05-10,CUST1201,Delhi,Clothing,T-Shirt,5,900,0.05,4275.0,823.4,Online
ORD10209,2025-08-08,CUST1055,Jaipur,Electronics,Smartphone,4,22000,0.05,83600.0,21726.06,Online
ORD10210,2025-02-23,CUST1234,Faridabad,Furniture,Desk,3,11000,0.15,28050.0,5882.51,Online
ORD10211,2025-12-09,CUST1158,Gurgaon,Electronics,Laptop,2,55000,0.05,104500.0,26585.84,Store
ORD10212,2025-08-12,CUST1143,Ghaziabad,Home & Kitchen,Cookware Set,3,3500,0.15,8925.0,1930.06,Online
ORD10213,2025-08-13,CUST1206,Faridabad,Electronics,Headphones,3,2500,0.05,7125.0,2388.85,Store
ORD10214,2025-05-06,CUST1054,Delhi,Home & Kitchen,Bedsheet,2,1600,0.0,3200.0,847.9,Store
ORD10215,2025-05-10,CUST1227,Delhi,Home & Kitchen,Air Fryer,1,7000,0.2,5600.0,1772.36,Store
ORD10216,2025-02-22,CUST1149,Gurgaon,Clothing,T-Shirt,5,900,0.2,3600.0,1280.33,Store
ORD10217,2025-06-21,CUST1032,Faridabad,Clothing,T-Shirt,4,900,0.2,2880.0,777.87,Online
ORD10218,2025-08-06,CUST1191,Jaipur,Home & Kitchen,Air Fryer,4,7000,0.05,26600.0,8630.36,Store
ORD10219,2025-06-09,CUST1211,Chandigarh,Home & Kitchen,Mixer,3,4500,0.05,12825.0,3205.73,Online
ORD10220,2025-07-17,CUST1130,Jaipur,Furniture,Office Chair,3,8500,0.05,24225.0,6977.77,Online
ORD10221,2025-09-04,CUST1137,Noida,Electronics,Headphones,5,2500,0.0,12500.0,3674.16,Online
ORD10222,2025-11-20,CUST1144,Faridabad,Clothing,T-Shirt,4,900,0.1,3240.0,1116.01,Online
ORD10223,2025-07-22,CUST1124,Faridabad,Electronics,Monitor,4,12000,0.0,48000.0,16006.6,Online
ORD10224,2025-07-03,CUST1178,Chandigarh,Electronics,Monitor,4,12000,0.15,40800.0,8584.19,Online
ORD10225,2025-05-03,CUST1092,Jaipur,Electronics,Monitor,5,12000,0.1,54000.0,16548.2,Store
ORD10226,2025-09-12,CUST1183,Gurgaon,Furniture,Bookshelf,5,6000,0.2,24000.0,5427.34,Store
ORD10227,2025-10-21,CUST1058,Chandigarh,Clothing,Jacket,5,3200,0.2,12800.0,2917.66,Online
ORD10228,2025-10-07,CUST1237,Ghaziabad,Electronics,Laptop,5,55000,0.2,220000.0,46890.65,Online
ORD10229,2025-11-21,CUST1209,Noida,Electronics,Headphones,5,2500,0.2,10000.0,3714.73,Online
ORD10230,2025-04-08,CUST1183,Ghaziabad,Clothing,Sneakers,3,2800,0.2,6720.0,1418.78,Store
ORD10231,2025-07-17,CUST1082,Noida,Home & Kitchen,Cookware Set,4,3500,0.05,13300.0,4190.36,Online
ORD10232,2025-08-28,CUST1021,Gurgaon,Home & Kitchen,Mixer,4,4500,0.2,14400.0,4148.79,Online
ORD10233,2025-05-24,CUST1169,Delhi,Electronics,Laptop,1,55000,0.0,55000.0,13654.39,Store
ORD10234,2025-04-07,CUST1058,Faridabad,Clothing,Sneakers,5,2800,0.0,14000.0,2965.56,Store
ORD10235,2025-07-20,CUST1008,Noida,Furniture,Office Chair,4,8500,0.1,30600.0,8595.83,Store
ORD10236,2025-05-04,CUST1088,Ghaziabad,Furniture,Table Lamp,1,1800,0.0,1800.0,660.01,Online
ORD10237,2025-07-06,CUST1008,Ghaziabad,Furniture,Office Chair,4,8500,0.0,34000.0,9905.74,Store
ORD10238,2025-11-22,CUST1152,Noida,Clothing,T-Shirt,3,900,0.0,2700.0,987.07,Store
ORD10239,2025-12-15,CUST1058,Chandigarh,Electronics,Laptop,5,55000,0.15,233750.0,54346.48,Store
ORD10240,2025-09-16,CUST1135,Noida,Electronics,Monitor,3,12000,0.15,30600.0,6887.12,Store
ORD10241,2025-05-28,CUST1094,Jaipur,Electronics,Smartphone,3,22000,0.05,62700.0,22592.12,Store
ORD10242,2025-09-09,CUST1136,Delhi,Furniture,Table Lamp,2,1800,0.15,3060.0,612.67,Online
ORD10243,2025-12-12,CUST1126,Faridabad,Electronics,Headphones,2,2500,0.1,4500.0,1600.75,Store
ORD10244,2025-05-27,CUST1190,Chandigarh,Clothing,T-Shirt,1,900,0.0,900.0,246.55,Store
ORD10245,2025-05-28,CUST1232,Gurgaon,Clothing,Jeans,5,1800,0.15,7650.0,2458.98,Store
ORD10246,2025-12-18,CUST1010,Chandigarh,Home & Kitchen,Mixer,5,4500,0.15,19125.0,6668.36,Online
ORD10247,2025-07-18,CUST1059,Jaipur,Furniture,Table Lamp,2,1800,0.0,3600.0,1100.04,Store
ORD10248,2025-11-04,CUST1158,Faridabad,Clothing,Jeans,1,1800,0.05,1710.0,327.27,Online
ORD10249,2025-05-08,CUST1227,Gurgaon,Clothing,Sneakers,3,2800,0.0,8400.0,2107.04,Store
ORD10250,2025-02-08,CUST1018,Ghaziabad,Home & Kitchen,Cookware Set,1,3500,0.15,2975.0,583.74,Online
ORD10251,2025-12-04,CUST1086,Jaipur,Home & Kitchen,Cookware Set,5,3500,0.15,14875.0,5492.27,Online
ORD10252,2025-12-26,CUST1002,Ghaziabad,Clothing,T-Shirt,4,900,0.2,2880.0,675.1,Online
ORD10253,2025-05-09,CUST1207,Noida,Home & Kitchen,Air Fryer,4,7000,0.1,25200.0,4711.75,Online
ORD10254,2025-09-24,CUST1165,Ghaziabad,Furniture,Table Lamp,4,1800,0.2,5760.0,1712.54,Online
ORD10255,2025-05-31,CUST1030,Chandigarh,Furniture,Table Lamp,3,1800,0.1,4860.0,1699.47,Store
ORD10256,2025-10-25,CUST1106,Gurgaon,Home & Kitchen,Air Fryer,1,7000,0.2,5600.0,1948.72,Store
ORD10257,2025-04-09,CUST1193,Faridabad,Furniture,Table Lamp,1,1800,0.15,1530.0,359.1,Store
ORD10258,2025-09-20,CUST1010,Ghaziabad,Electronics,Smartphone,2,22000,0.05,41800.0,14178.26,Store
ORD10259,2025-09-09,CUST1112,Ghaziabad,Home & Kitchen,Cookware Set,3,3500,0.1,9450.0,2290.9,Online
ORD10260,2025-05-24,CUST1054,Faridabad,Electronics,Monitor,4,12000,0.05,45600.0,10387.76,Online
ORD10261,2025-12-12,CUST1020,Noida,Home & Kitchen,Cookware Set,1,3500,0.05,3325.0,758.98,Store
ORD10262,2025-04-22,CUST1111,Ghaziabad,Electronics,Smartphone,3,22000,0.2,52800.0,18747.02,Store
ORD10263,2025-03-01,CUST1230,Ghaziabad,Electronics,Monitor,2,12000,0.1,21600.0,7612.61,Store
ORD10264,2025-01-02,CUST1004,Faridabad,Furniture,Table Lamp,5,1800,0.05,8550.0,2189.5,Online
ORD10265,2025-10-31,CUST1004,Ghaziabad,Home & Kitchen,Mixer,4,4500,0.0,18000.0,4722.47,Store
ORD10266,2025-09-11,CUST1132,Jaipur,Electronics,Smartphone,5,22000,0.05,104500.0,27974.97,Store
ORD10267,2025-05-20,CUST1060,Noida,Electronics,Headphones,2,2500,0.1,4500.0,1467.16,Online
ORD10268,2025-02-06,CUST1058,Jaipur,Home & Kitchen,Air Fryer,3,7000,0.2,16800.0,3877.69,Online
ORD10269,2025-06-09,CUST1228,Jaipur,Home & Kitchen,Air Fryer,4,7000,0.1,25200.0,7357.4,Online
ORD10270,2025-01-09,CUST1113,Noida,Electronics,Laptop,1,55000,0.05,52250.0,15973.64,Store
ORD10271,2025-08-21,CUST1045,Delhi,Clothing,Jacket,3,3200,0.0,9600.0,1856.42,Online
ORD10272,2025-04-09,CUST1219,Chandigarh,Furniture,Desk,4,11000,0.15,37400.0,8335.33,Store
ORD10273,2025-05-27,CUST1090,Ghaziabad,Home & Kitchen,Air Fryer,4,7000,0.1,25200.0,5846.47,Online
ORD10274,2025-10-31,CUST1205,Noida,Electronics,Monitor,5,12000,0.05,57000.0,17846.57,Online
ORD10275,2025-07-27,CUST1051,Ghaziabad,Home & Kitchen,Cookware Set,5,3500,0.0,17500.0,3396.34,Online
ORD10276,2025-05-11,CUST1093,Ghaziabad,Clothing,Jeans,3,1800,0.05,5130.0,1053.98,Store
ORD10277,2025-06-01,CUST1100,Jaipur,Electronics,Laptop,5,55000,0.05,261250.0,50298.29,Store
ORD10278,2025-02-23,CUST1057,Faridabad,Electronics,Monitor,2,12000,0.1,21600.0,6320.8,Store
ORD10279,2025-04-30,CUST1031,Faridabad,Clothing,T-Shirt,4,900,0.15,3060.0,1079.96,Store
ORD10280,2025-06-10,CUST1108,Gurgaon,Clothing,T-Shirt,4,900,0.2,2880.0,1054.68,Store
ORD10281,2025-04-26,CUST1014,Gurgaon,Furniture,Desk,4,11000,0.1,39600.0,12865.15,Store
ORD10282,2025-03-16,CUST1044,Delhi,Home & Kitchen,Bedsheet,2,1600,0.0,3200.0,718.91,Online
ORD10283,2025-04-23,CUST1107,Delhi,Electronics,Monitor,3,12000,0.15,30600.0,7835.44,Online
ORD10284,2025-04-14,CUST1070,Chandigarh,Electronics,Monitor,2,12000,0.0,24000.0,5415.08,Online
ORD10285,2025-12-06,CUST1176,Chandigarh,Electronics,Headphones,3,2500,0.15,6375.0,2259.32,Online
ORD10286,2025-09-11,CUST1142,Delhi,Clothing,Jeans,2,1800,0.15,3060.0,680.72,Online
ORD10287,2025-08-15,CUST1087,Gurgaon,Clothing,Jeans,5,1800,0.05,8550.0,3001.11,Online
ORD10288,2025-04-22,CUST1085,Faridabad,Furniture,Table Lamp,1,1800,0.1,1620.0,515.58,Online
ORD10289,2025-04-09,CUST1196,Chandigarh,Home & Kitchen,Mixer,1,4500,0.0,4500.0,1573.88,Store
ORD10290,2025-06-02,CUST1061,Gurgaon,Clothing,T-Shirt,1,900,0.0,900.0,165.51,Store
ORD10291,2025-12-15,CUST1177,Delhi,Clothing,Jeans,3,1800,0.0,5400.0,1196.96,Store
ORD10292,2025-12-04,CUST1005,Gurgaon,Furniture,Desk,2,11000,0.0,22000.0,6474.03,Store
ORD10293,2025-07-13,CUST1144,Noida,Home & Kitchen,Bedsheet,1,1600,0.05,1520.0,547.94,Online
ORD10294,2025-11-06,CUST1099,Noida,Furniture,Bookshelf,4,6000,0.15,20400.0,6299.63,Online
ORD10295,2025-06-12,CUST1068,Jaipur,Electronics,Laptop,5,55000,0.15,233750.0,63353.37,Store
ORD10296,2025-07-27,CUST1155,Ghaziabad,Furniture,Desk,5,11000,0.15,46750.0,9625.09,Online
ORD10297,2025-06-18,CUST1191,Gurgaon,Furniture,Table Lamp,2,1800,0.15,3060.0,690.33,Online
ORD10298,2025-06-10,CUST1244,Noida,Furniture,Table Lamp,3,1800,0.15,4590.0,1249.67,Store
ORD10299,2025-03-09,CUST1171,Noida,Furniture,Bookshelf,4,6000,0.0,24000.0,7212.57,Online
ORD10300,2025-10-16,CUST1152,Faridabad,Electronics,Smartphone,3,22000,0.15,56100.0,15446.24,Store
ORD10301,2025-10-04,CUST1055,Delhi,Clothing,T-Shirt,4,900,0.2,2880.0,728.88,Online
ORD10302,2025-10-31,CUST1198,Faridabad,Home & Kitchen,Air Fryer,2,7000,0.05,13300.0,3863.38,Store
ORD10303,2025-05-15,CUST1114,Noida,Furniture,Bookshelf,3,6000,0.2,14400.0,2862.31,Store
ORD10304,2025-07-14,CUST1008,Ghaziabad,Furniture,Desk,1,11000,0.15,9350.0,3175.23,Store
ORD10305,2025-05-08,CUST1198,Jaipur,Clothing,Sneakers,3,2800,0.2,6720.0,1961.81,Store
ORD10306,2025-02-02,CUST1119,Delhi,Electronics,Smartphone,1,22000,0.15,18700.0,4339.41,Online
ORD10307,2025-06-25,CUST1162,Faridabad,Home & Kitchen,Mixer,5,4500,0.2,18000.0,4229.33,Store
ORD10308,2025-01-22,CUST1027,Ghaziabad,Furniture,Desk,2,11000,0.1,19800.0,6881.56,Online
ORD10309,2025-08-26,CUST1162,Gurgaon,Electronics,Smartphone,1,22000,0.15,18700.0,4415.62,Store
ORD10310,2025-06-07,CUST1221,Delhi,Home & Kitchen,Cookware Set,5,3500,0.1,15750.0,5394.65,Store
ORD10311,2025-02-07,CUST1121,Noida,Furniture,Desk,2,11000,0.1,19800.0,4516.05,Store
ORD10312,2025-08-18,CUST1216,Gurgaon,Home & Kitchen,Air Fryer,4,7000,0.15,23800.0,7549.07,Store
ORD10313,2025-12-31,CUST1240,Ghaziabad,Electronics,Smartphone,4,22000,0.15,74800.0,20563.49,Store
ORD10314,2025-02-20,CUST1180,Gurgaon,Furniture,Table Lamp,2,1800,0.0,3600.0,1195.29,Online
ORD10315,2025-09-21,CUST1023,Jaipur,Electronics,Smartphone,2,22000,0.05,41800.0,10752.82,Online
ORD10316,2025-10-10,CUST1091,Noida,Furniture,Office Chair,4,8500,0.1,30600.0,6464.33,Online
ORD10317,2025-01-27,CUST1168,Faridabad,Electronics,Monitor,5,12000,0.05,57000.0,17953.81,Online
ORD10318,2025-08-14,CUST1200,Chandigarh,Furniture,Bookshelf,1,6000,0.15,5100.0,1706.28,Online
ORD10319,2025-10-04,CUST1047,Jaipur,Home & Kitchen,Bedsheet,3,1600,0.15,4080.0,843.43,Online
ORD10320,2025-10-13,CUST1181,Jaipur,Home & Kitchen,Air Fryer,5,7000,0.1,31500.0,7162.12,Store
ORD10321,2025-04-07,CUST1137,Noida,Home & Kitchen,Cookware Set,4,3500,0.15,11900.0,3968.02,Store
ORD10322,2025-10-11,CUST1219,Chandigarh,Home & Kitchen,Mixer,2,4500,0.1,8100.0,1608.34,Online
ORD10323,2025-11-13,CUST1190,Noida,Clothing,Jacket,2,3200,0.15,5440.0,1652.01,Online
ORD10324,2025-10-31,CUST1168,Jaipur,Home & Kitchen,Cookware Set,3,3500,0.15,8925.0,3359.37,Store
ORD10325,2025-05-27,CUST1131,Gurgaon,Furniture,Desk,1,11000,0.1,9900.0,1835.9,Online
ORD10326,2025-01-04,CUST1206,Chandigarh,Clothing,T-Shirt,4,900,0.15,3060.0,561.94,Online
ORD10327,2025-02-04,CUST1175,Faridabad,Clothing,Jacket,4,3200,0.0,12800.0,4143.31,Store
ORD10328,2025-07-11,CUST1209,Jaipur,Furniture,Table Lamp,5,1800,0.2,7200.0,2637.59,Online
ORD10329,2025-02-18,CUST1203,Ghaziabad,Home & Kitchen,Bedsheet,1,1600,0.15,1360.0,434.86,Online
ORD10330,2025-01-17,CUST1068,Faridabad,Clothing,T-Shirt,3,900,0.0,2700.0,1000.0,Store
ORD10331,2025-06-21,CUST1169,Chandigarh,Electronics,Headphones,1,2500,0.2,2000.0,522.71,Online
ORD10332,2025-08-08,CUST1012,Noida,Furniture,Bookshelf,5,6000,0.0,30000.0,9688.26,Online
ORD10333,2025-06-07,CUST1069,Faridabad,Home & Kitchen,Bedsheet,2,1600,0.2,2560.0,705.82,Online
ORD10334,2025-02-15,CUST1201,Ghaziabad,Electronics,Smartphone,4,22000,0.0,88000.0,20458.84,Online
ORD10335,2025-01-06,CUST1224,Delhi,Electronics,Monitor,3,12000,0.0,36000.0,13214.25,Store
ORD10336,2025-04-09,CUST1015,Delhi,Home & Kitchen,Mixer,4,4500,0.15,15300.0,4392.83,Online
ORD10337,2025-08-21,CUST1021,Noida,Clothing,Jeans,4,1800,0.2,5760.0,1992.29,Store
ORD10338,2025-02-06,CUST1055,Chandigarh,Electronics,Monitor,1,12000,0.2,9600.0,2419.96,Store
ORD10339,2025-10-07,CUST1086,Faridabad,Clothing,Sneakers,4,2800,0.15,9520.0,2689.08,Store
ORD10340,2025-12-15,CUST1001,Chandigarh,Furniture,Table Lamp,2,1800,0.1,3240.0,749.35,Store
ORD10341,2025-10-29,CUST1012,Jaipur,Furniture,Desk,1,11000,0.05,10450.0,3214.73,Store
ORD10342,2025-06-30,CUST1185,Ghaziabad,Clothing,Jacket,3,3200,0.15,8160.0,2334.34,Online
ORD10343,2025-04-05,CUST1084,Delhi,Electronics,Laptop,3,55000,0.1,148500.0,43140.2,Online
ORD10344,2025-04-09,CUST1043,Faridabad,Home & Kitchen,Mixer,1,4500,0.0,4500.0,1512.84,Store
ORD10345,2025-07-07,CUST1192,Jaipur,Electronics,Laptop,2,55000,0.2,88000.0,25721.72,Store
ORD10346,2025-04-26,CUST1049,Delhi,Clothing,Jacket,1,3200,0.0,3200.0,693.32,Online
ORD10347,2025-07-10,CUST1183,Delhi,Furniture,Table Lamp,5,1800,0.1,8100.0,1652.62,Online
ORD10348,2025-09-10,CUST1127,Jaipur,Home & Kitchen,Mixer,3,4500,0.1,12150.0,3522.05,Online
ORD10349,2025-06-10,CUST1200,Ghaziabad,Electronics,Laptop,4,55000,0.1,198000.0,58963.57,Online
ORD10350,2025-09-13,CUST1045,Gurgaon,Home & Kitchen,Mixer,4,4500,0.2,14400.0,4581.01,Online
ORD10351,2025-11-19,CUST1091,Jaipur,Clothing,Sneakers,2,2800,0.2,4480.0,1701.0,Online
ORD10352,2025-05-08,CUST1082,Gurgaon,Home & Kitchen,Cookware Set,5,3500,0.0,17500.0,4536.72,Store
ORD10353,2025-01-18,CUST1147,Chandigarh,Electronics,Monitor,1,12000,0.15,10200.0,3123.13,Store
ORD10354,2025-10-08,CUST1122,Noida,Furniture,Table Lamp,4,1800,0.0,7200.0,2633.75,Online
ORD10355,2025-08-11,CUST1194,Noida,Clothing,T-Shirt,2,900,0.2,1440.0,351.74,Online
ORD10356,2025-02-23,CUST1201,Delhi,Home & Kitchen,Mixer,2,4500,0.05,8550.0,3011.53,Online
ORD10357,2025-02-27,CUST1117,Gurgaon,Clothing,Sneakers,3,2800,0.15,7140.0,1802.31,Online
ORD10358,2025-11-19,CUST1012,Noida,Furniture,Desk,3,11000,0.05,31350.0,11839.6,Online
ORD10359,2025-12-26,CUST1062,Delhi,Electronics,Laptop,5,55000,0.05,261250.0,51720.47,Online
ORD10360,2025-06-23,CUST1021,Jaipur,Home & Kitchen,Air Fryer,1,7000,0.0,7000.0,2565.66,Online
ORD10361,2025-10-07,CUST1073,Ghaziabad,Electronics,Headphones,4,2500,0.1,9000.0,3280.29,Store
ORD10362,2025-04-24,CUST1195,Noida,Clothing,Jeans,4,1800,0.15,6120.0,1348.38,Store
ORD10363,2025-10-15,CUST1250,Noida,Clothing,Sneakers,1,2800,0.1,2520.0,664.17,Online
ORD10364,2025-12-08,CUST1167,Gurgaon,Furniture,Desk,4,11000,0.15,37400.0,9062.73,Store
ORD10365,2025-05-31,CUST1065,Delhi,Clothing,Sneakers,5,2800,0.15,11900.0,4415.43,Online
ORD10366,2025-05-07,CUST1146,Faridabad,Electronics,Monitor,3,12000,0.2,28800.0,7964.7,Online
ORD10367,2025-06-04,CUST1038,Ghaziabad,Clothing,Jacket,3,3200,0.1,8640.0,2745.42,Store
ORD10368,2025-09-30,CUST1031,Faridabad,Electronics,Headphones,4,2500,0.15,8500.0,2278.53,Online
ORD10369,2025-04-14,CUST1088,Noida,Home & Kitchen,Mixer,2,4500,0.2,7200.0,2406.98,Online
ORD10370,2025-10-26,CUST1174,Jaipur,Clothing,Jacket,5,3200,0.15,13600.0,4897.9,Online
ORD10371,2025-09-03,CUST1006,Noida,Home & Kitchen,Bedsheet,3,1600,0.05,4560.0,1372.16,Online
ORD10372,2025-06-25,CUST1125,Ghaziabad,Home & Kitchen,Air Fryer,5,7000,0.05,33250.0,6649.45,Store
ORD10373,2025-02-08,CUST1196,Gurgaon,Clothing,Sneakers,5,2800,0.1,12600.0,2549.22,Store
ORD10374,2025-06-19,CUST1175,Jaipur,Clothing,T-Shirt,1,900,0.2,720.0,232.07,Store
ORD10375,2025-09-04,CUST1233,Delhi,Electronics,Laptop,5,55000,0.15,233750.0,43004.9,Online
ORD10376,2025-01-26,CUST1179,Noida,Electronics,Headphones,5,2500,0.2,10000.0,2132.7,Store
ORD10377,2025-12-21,CUST1085,Jaipur,Electronics,Headphones,5,2500,0.1,11250.0,3876.37,Online
ORD10378,2025-11-02,CUST1068,Noida,Clothing,Sneakers,5,2800,0.15,11900.0,2544.96,Online
ORD10379,2025-01-13,CUST1098,Noida,Clothing,Sneakers,5,2800,0.1,12600.0,4408.69,Store
ORD10380,2025-11-12,CUST1082,Jaipur,Electronics,Smartphone,5,22000,0.0,110000.0,25639.29,Online
ORD10381,2025-11-09,CUST1085,Faridabad,Furniture,Table Lamp,2,1800,0.1,3240.0,1100.75,Online
ORD10382,2025-02-05,CUST1064,Noida,Electronics,Laptop,5,55000,0.15,233750.0,46425.42,Online
ORD10383,2025-06-22,CUST1246,Ghaziabad,Electronics,Headphones,3,2500,0.2,6000.0,1729.84,Store
ORD10384,2025-01-20,CUST1020,Delhi,Clothing,Jacket,4,3200,0.2,10240.0,2264.66,Store
ORD10385,2025-11-17,CUST1154,Faridabad,Clothing,Jeans,4,1800,0.0,7200.0,1369.28,Store
ORD10386,2025-09-21,CUST1161,Jaipur,Electronics,Monitor,2,12000,0.15,20400.0,6586.0,Store
ORD10387,2025-05-22,CUST1243,Gurgaon,Furniture,Bookshelf,3,6000,0.1,16200.0,3179.3,Online
ORD10388,2025-05-23,CUST1179,Chandigarh,Electronics,Smartphone,5,22000,0.1,99000.0,29549.83,Online
ORD10389,2025-04-02,CUST1073,Faridabad,Home & Kitchen,Air Fryer,4,7000,0.2,22400.0,6377.35,Online
ORD10390,2025-12-20,CUST1072,Noida,Electronics,Laptop,1,55000,0.0,55000.0,17617.22,Online
ORD10391,2025-11-18,CUST1175,Jaipur,Furniture,Desk,3,11000,0.1,29700.0,11103.11,Online
ORD10392,2025-10-15,CUST1067,Jaipur,Home & Kitchen,Air Fryer,2,7000,0.2,11200.0,4187.57,Store
ORD10393,2025-08-03,CUST1152,Noida,Clothing,Jeans,5,1800,0.15,7650.0,1676.21,Store
ORD10394,2025-12-08,CUST1008,Gurgaon,Home & Kitchen,Cookware Set,1,3500,0.1,3150.0,568.37,Online
ORD10395,2025-02-20,CUST1037,Delhi,Furniture,Table Lamp,3,1800,0.0,5400.0,1682.88,Online
ORD10396,2025-06-02,CUST1201,Chandigarh,Furniture,Office Chair,5,8500,0.2,34000.0,7330.9,Online
ORD10397,2025-07-05,CUST1023,Delhi,Electronics,Monitor,3,12000,0.05,34200.0,12281.88,Store
ORD10398,2025-03-04,CUST1003,Jaipur,Home & Kitchen,Cookware Set,4,3500,0.1,12600.0,3908.97,Store
ORD10399,2025-07-09,CUST1083,Noida,Home & Kitchen,Mixer,5,4500,0.05,21375.0,8096.47,Store
ORD10400,2025-05-05,CUST1234,Faridabad,Home & Kitchen,Bedsheet,2,1600,0.0,3200.0,895.6,Store
ORD10401,2025-05-30,CUST1013,Chandigarh,Furniture,Desk,4,11000,0.05,41800.0,15274.54,Online
ORD10402,2025-11-10,CUST1206,Jaipur,Clothing,Sneakers,2,2800,0.1,5040.0,1105.29,Online
ORD10403,2025-02-27,CUST1145,Delhi,Clothing,Jacket,5,3200,0.2,12800.0,2707.89,Store
ORD10404,2025-12-08,CUST1019,Delhi,Furniture,Office Chair,5,8500,0.2,34000.0,11460.53,Online
ORD10405,2025-11-01,CUST1200,Jaipur,Furniture,Desk,1,11000,0.05,10450.0,2746.54,Store
ORD10406,2025-06-29,CUST1244,Ghaziabad,Electronics,Monitor,2,12000,0.05,22800.0,5408.38,Store
ORD10407,2025-06-19,CUST1008,Gurgaon,Home & Kitchen,Air Fryer,4,7000,0.2,22400.0,4404.77,Store
ORD10408,2025-11-22,CUST1127,Noida,Furniture,Bookshelf,2,6000,0.05,11400.0,2453.79,Online
ORD10409,2025-09-28,CUST1250,Ghaziabad,Clothing,Sneakers,1,2800,0.0,2800.0,1063.92,Store
ORD10410,2025-02-23,CUST1134,Ghaziabad,Electronics,Headphones,1,2500,0.05,2375.0,680.69,Store
ORD10411,2025-04-11,CUST1065,Noida,Clothing,T-Shirt,5,900,0.15,3825.0,1375.55,Online
ORD10412,2025-09-21,CUST1100,Gurgaon,Clothing,T-Shirt,3,900,0.05,2565.0,813.95,Online
ORD10413,2025-02-22,CUST1112,Faridabad,Electronics,Smartphone,5,22000,0.1,99000.0,19603.13,Online
ORD10414,2025-03-01,CUST1157,Delhi,Furniture,Office Chair,1,8500,0.05,8075.0,3000.2,Store
ORD10415,2025-04-18,CUST1213,Ghaziabad,Clothing,Jacket,1,3200,0.05,3040.0,1070.62,Online
ORD10416,2025-01-05,CUST1011,Delhi,Home & Kitchen,Mixer,5,4500,0.0,22500.0,7297.02,Store
ORD10417,2025-04-13,CUST1211,Noida,Home & Kitchen,Air Fryer,1,7000,0.0,7000.0,2512.49,Store
ORD10418,2025-07-15,CUST1048,Chandigarh,Furniture,Office Chair,2,8500,0.0,17000.0,5235.83,Store
ORD10419,2025-09-19,CUST1146,Jaipur,Home & Kitchen,Bedsheet,1,1600,0.1,1440.0,415.38,Online
ORD10420,2025-12-31,CUST1013,Gurgaon,Clothing,Sneakers,1,2800,0.15,2380.0,495.54,Online
ORD10421,2025-12-16,CUST1073,Jaipur,Home & Kitchen,Mixer,4,4500,0.05,17100.0,5772.98,Online
ORD10422,2025-02-16,CUST1173,Ghaziabad,Furniture,Desk,1,11000,0.15,9350.0,2285.49,Store
ORD10423,2025-12-21,CUST1070,Faridabad,Clothing,T-Shirt,4,900,0.05,3420.0,795.43,Store
ORD10424,2025-11-07,CUST1235,Noida,Furniture,Office Chair,4,8500,0.0,34000.0,6866.54,Online
ORD10425,2025-11-04,CUST1047,Ghaziabad,Clothing,T-Shirt,1,900,0.05,855.0,231.91,Store
ORD10426,2025-05-24,CUST1002,Jaipur,Home & Kitchen,Cookware Set,5,3500,0.2,14000.0,2769.01,Online
ORD10427,2025-09-26,CUST1111,Jaipur,Electronics,Monitor,2,12000,0.1,21600.0,6078.82,Online
ORD10428,2025-05-04,CUST1228,Gurgaon,Clothing,Sneakers,4,2800,0.2,8960.0,2573.14,Store
ORD10429,2025-04-16,CUST1016,Chandigarh,Clothing,Jeans,1,1800,0.15,1530.0,442.19,Online
ORD10430,2025-06-07,CUST1246,Ghaziabad,Furniture,Table Lamp,4,1800,0.05,6840.0,1426.65,Store
ORD10431,2025-05-27,CUST1135,Ghaziabad,Clothing,Jacket,1,3200,0.05,3040.0,1044.7,Online
ORD10432,2025-05-25,CUST1012,Noida,Electronics,Laptop,2,55000,0.15,93500.0,23527.22,Online
ORD10433,2025-04-30,CUST1201,Noida,Electronics,Monitor,5,12000,0.15,51000.0,10739.98,Store
ORD10434,2025-11-15,CUST1132,Noida,Electronics,Laptop,1,55000,0.2,44000.0,13217.55,Online
ORD10435,2025-10-02,CUST1205,Chandigarh,Clothing,T-Shirt,5,900,0.05,4275.0,1108.69,Store
ORD10436,2025-04-02,CUST1104,Delhi,Furniture,Bookshelf,4,6000,0.05,22800.0,6009.13,Online
ORD10437,2025-02-27,CUST1032,Faridabad,Furniture,Office Chair,4,8500,0.05,32300.0,8109.94,Store
ORD10438,2025-12-12,CUST1199,Gurgaon,Clothing,T-Shirt,1,900,0.1,810.0,190.25,Online
ORD10439,2025-08-17,CUST1083,Noida,Clothing,Jeans,1,1800,0.05,1710.0,542.02,Online
ORD10440,2025-04-27,CUST1065,Delhi,Furniture,Office Chair,4,8500,0.15,28900.0,7266.51,Online
ORD10441,2025-11-14,CUST1233,Jaipur,Electronics,Monitor,4,12000,0.0,48000.0,9694.65,Store
ORD10442,2025-10-06,CUST1052,Delhi,Clothing,Jeans,1,1800,0.05,1710.0,647.12,Online
ORD10443,2025-05-07,CUST1226,Chandigarh,Furniture,Table Lamp,1,1800,0.05,1710.0,546.54,Store
ORD10444,2025-05-09,CUST1134,Jaipur,Home & Kitchen,Mixer,2,4500,0.2,7200.0,1350.27,Store
ORD10445,2025-02-27,CUST1223,Jaipur,Furniture,Desk,2,11000,0.05,20900.0,7188.31,Online
ORD10446,2025-05-02,CUST1108,Delhi,Home & Kitchen,Cookware Set,5,3500,0.15,14875.0,2981.92,Online
ORD10447,2025-01-01,CUST1095,Faridabad,Home & Kitchen,Bedsheet,3,1600,0.2,3840.0,1054.29,Store
ORD10448,2025-08-27,CUST1048,Noida,Furniture,Desk,1,11000,0.15,9350.0,1773.83,Store
ORD10449,2025-10-17,CUST1089,Gurgaon,Home & Kitchen,Cookware Set,1,3500,0.15,2975.0,976.07,Online
ORD10450,2025-04-06,CUST1108,Noida,Furniture,Bookshelf,2,6000,0.05,11400.0,4299.65,Online
ORD10451,2025-05-06,CUST1043,Ghaziabad,Clothing,Jacket,5,3200,0.05,15200.0,3653.13,Store
ORD10452,2025-04-28,CUST1222,Faridabad,Electronics,Headphones,2,2500,0.2,4000.0,836.62,Online
ORD10453,2025-02-17,CUST1187,Faridabad,Home & Kitchen,Cookware Set,1,3500,0.1,3150.0,777.04,Store
ORD10454,2025-03-30,CUST1074,Faridabad,Electronics,Headphones,5,2500,0.15,10625.0,4011.78,Online
ORD10455,2025-08-25,CUST1213,Gurgaon,Clothing,Sneakers,4,2800,0.05,10640.0,2330.69,Store
ORD10456,2025-09-29,CUST1155,Delhi,Furniture,Table Lamp,2,1800,0.1,3240.0,1066.72,Online
ORD10457,2025-07-08,CUST1228,Delhi,Electronics,Smartphone,4,22000,0.2,70400.0,26745.77,Store
ORD10458,2025-07-11,CUST1160,Delhi,Furniture,Table Lamp,3,1800,0.05,5130.0,930.32,Online
ORD10459,2025-03-10,CUST1117,Jaipur,Furniture,Bookshelf,1,6000,0.1,5400.0,1628.15,Online
ORD10460,2025-10-05,CUST1017,Gurgaon,Electronics,Smartphone,1,22000,0.1,19800.0,6432.83,Online
ORD10461,2025-12-15,CUST1082,Faridabad,Electronics,Monitor,5,12000,0.15,51000.0,13526.82,Online
ORD10462,2025-09-04,CUST1148,Faridabad,Electronics,Headphones,1,2500,0.05,2375.0,485.76,Online
ORD10463,2025-03-17,CUST1133,Gurgaon,Clothing,Jeans,3,1800,0.1,4860.0,1116.08,Online
ORD10464,2025-06-03,CUST1068,Ghaziabad,Electronics,Laptop,2,55000,0.2,88000.0,29481.93,Store
ORD10465,2025-05-24,CUST1026,Noida,Clothing,Jacket,3,3200,0.2,7680.0,2124.75,Online
ORD10466,2025-03-27,CUST1149,Jaipur,Home & Kitchen,Mixer,4,4500,0.05,17100.0,3445.45,Store
ORD10467,2025-07-04,CUST1116,Ghaziabad,Furniture,Bookshelf,2,6000,0.15,10200.0,2861.02,Online
ORD10468,2025-10-12,CUST1046,Faridabad,Furniture,Table Lamp,1,1800,0.1,1620.0,423.21,Store
ORD10469,2025-08-08,CUST1227,Ghaziabad,Clothing,T-Shirt,3,900,0.15,2295.0,736.58,Online
ORD10470,2025-03-10,CUST1221,Gurgaon,Electronics,Smartphone,3,22000,0.2,52800.0,12389.53,Store
ORD10471,2025-02-16,CUST1181,Faridabad,Electronics,Smartphone,2,22000,0.0,44000.0,12643.02,Online
ORD10472,2025-04-04,CUST1057,Ghaziabad,Home & Kitchen,Mixer,5,4500,0.2,18000.0,4084.03,Online
ORD10473,2025-08-26,CUST1135,Chandigarh,Clothing,Sneakers,5,2800,0.0,14000.0,2595.38,Store
ORD10474,2025-07-23,CUST1179,Jaipur,Furniture,Office Chair,5,8500,0.15,36125.0,12062.74,Online
ORD10475,2025-08-06,CUST1164,Chandigarh,Electronics,Monitor,4,12000,0.15,40800.0,13673.77,Online
ORD10476,2025-12-07,CUST1190,Ghaziabad,Furniture,Office Chair,5,8500,0.05,40375.0,12896.33,Online
ORD10477,2025-02-08,CUST1126,Noida,Home & Kitchen,Bedsheet,3,1600,0.1,4320.0,1484.69,Online
ORD10478,2025-04-10,CUST1200,Delhi,Furniture,Desk,4,11000,0.2,35200.0,9557.0,Store
ORD10479,2025-10-16,CUST1162,Chandigarh,Clothing,Jacket,2,3200,0.05,6080.0,2285.26,Store
ORD10480,2025-09-11,CUST1214,Delhi,Clothing,T-Shirt,1,900,0.1,810.0,205.99,Online
ORD10481,2025-08-10,CUST1101,Jaipur,Electronics,Monitor,4,12000,0.0,48000.0,16992.56,Online
ORD10482,2025-12-23,CUST1233,Chandigarh,Electronics,Laptop,1,55000,0.1,49500.0,15154.12,Store
ORD10483,2025-01-23,CUST1122,Chandigarh,Electronics,Headphones,3,2500,0.0,7500.0,2666.95,Online
ORD10484,2025-09-07,CUST1169,Ghaziabad,Home & Kitchen,Cookware Set,1,3500,0.0,3500.0,1308.4,Online
ORD10485,2025-01-10,CUST1081,Chandigarh,Home & Kitchen,Mixer,4,4500,0.15,15300.0,5332.58,Online
ORD10486,2025-09-03,CUST1218,Chandigarh,Clothing,Sneakers,5,2800,0.0,14000.0,4446.44,Store
ORD10487,2025-11-21,CUST1043,Faridabad,Home & Kitchen,Bedsheet,4,1600,0.05,6080.0,2290.87,Online
ORD10488,2025-04-10,CUST1189,Chandigarh,Furniture,Table Lamp,2,1800,0.0,3600.0,669.41,Store
ORD10489,2025-10-17,CUST1121,Delhi,Furniture,Table Lamp,3,1800,0.2,4320.0,935.6,Online
ORD10490,2025-06-29,CUST1027,Jaipur,Furniture,Table Lamp,3,1800,0.2,4320.0,1205.46,Store
ORD10491,2025-08-11,CUST1123,Noida,Home & Kitchen,Mixer,3,4500,0.1,12150.0,3653.37,Store
ORD10492,2025-09-07,CUST1002,Jaipur,Clothing,T-Shirt,4,900,0.15,3060.0,780.28,Online
ORD10493,2025-05-27,CUST1247,Noida,Clothing,T-Shirt,5,900,0.1,4050.0,849.95,Online
ORD10494,2025-04-06,CUST1012,Jaipur,Electronics,Headphones,4,2500,0.15,8500.0,2912.25,Online
ORD10495,2025-09-14,CUST1134,Delhi,Clothing,Jacket,5,3200,0.1,14400.0,4286.43,Online
ORD10496,2025-11-21,CUST1059,Delhi,Clothing,T-Shirt,4,900,0.2,2880.0,1055.03,Store
ORD10497,2025-01-04,CUST1123,Gurgaon,Electronics,Headphones,1,2500,0.1,2250.0,550.11,Store
ORD10498,2025-01-16,CUST1182,Chandigarh,Home & Kitchen,Air Fryer,4,7000,0.0,28000.0,7046.29,Online
ORD10499,2025-10-07,CUST1029,Gurgaon,Furniture,Bookshelf,3,6000,0.2,14400.0,5180.05,Online
ORD10500,2025-12-02,CUST1062,Ghaziabad,Clothing,Jeans,1,1800,0.0,1800.0,679.87,Store
ORD10501,2025-09-04,CUST1062,Delhi,Electronics,Laptop,2,55000,0.05,104500.0,37341.96,Online
ORD10502,2025-09-15,CUST1219,Delhi,Electronics,Headphones,2,2500,0.15,4250.0,1255.68,Store
ORD10503,2025-06-09,CUST1089,Noida,Furniture,Bookshelf,3,6000,0.1,16200.0,5490.72,Store
ORD10504,2025-12-06,CUST1154,Noida,Electronics,Headphones,4,2500,0.05,9500.0,2299.42,Online
ORD10505,2025-06-01,CUST1020,Noida,Furniture,Bookshelf,3,6000,0.2,14400.0,2806.5,Online
ORD10506,2025-06-27,CUST1227,Chandigarh,Furniture,Desk,4,11000,0.15,37400.0,10785.99,Store
ORD10507,2025-06-12,CUST1134,Chandigarh,Home & Kitchen,Cookware Set,5,3500,0.05,16625.0,3977.39,Online
ORD10508,2025-02-02,CUST1070,Delhi,Clothing,Jeans,1,1800,0.0,1800.0,442.06,Online
ORD10509,2025-06-28,CUST1196,Delhi,Electronics,Monitor,3,12000,0.15,30600.0,11615.65,Online
ORD10510,2025-04-11,CUST1059,Jaipur,Clothing,Jeans,1,1800,0.05,1710.0,440.41,Online
ORD10511,2025-09-25,CUST1100,Gurgaon,Home & Kitchen,Bedsheet,5,1600,0.1,7200.0,1623.89,Store
ORD10512,2025-11-19,CUST1045,Faridabad,Clothing,T-Shirt,5,900,0.15,3825.0,973.47,Online
ORD10513,2025-03-06,CUST1138,Faridabad,Electronics,Laptop,1,55000,0.15,46750.0,8979.26,Online
ORD10514,2025-06-17,CUST1027,Jaipur,Home & Kitchen,Mixer,2,4500,0.0,9000.0,2523.53,Store
ORD10515,2025-11-26,CUST1153,Faridabad,Electronics,Smartphone,4,22000,0.1,79200.0,28760.67,Online
ORD10516,2025-02-12,CUST1155,Gurgaon,Home & Kitchen,Air Fryer,4,7000,0.2,22400.0,6214.99,Online
ORD10517,2025-02-13,CUST1041,Gurgaon,Furniture,Table Lamp,4,1800,0.0,7200.0,1948.5,Store
ORD10518,2025-10-12,CUST1111,Faridabad,Electronics,Monitor,5,12000,0.0,60000.0,12979.57,Online
ORD10519,2025-01-12,CUST1043,Gurgaon,Home & Kitchen,Bedsheet,1,1600,0.0,1600.0,602.94,Store
ORD10520,2025-04-05,CUST1058,Delhi,Clothing,Jacket,5,3200,0.05,15200.0,3548.49,Online
ORD10521,2025-10-29,CUST1127,Noida,Home & Kitchen,Bedsheet,2,1600,0.05,3040.0,617.14,Store
ORD10522,2025-09-10,CUST1065,Chandigarh,Clothing,Jacket,5,3200,0.1,14400.0,3695.66,Store
ORD10523,2025-08-30,CUST1134,Noida,Clothing,Jacket,3,3200,0.05,9120.0,2685.85,Online
ORD10524,2025-02-04,CUST1182,Ghaziabad,Furniture,Bookshelf,1,6000,0.15,5100.0,1562.18,Online
ORD10525,2025-08-03,CUST1058,Noida,Electronics,Headphones,3,2500,0.2,6000.0,1786.39,Online
ORD10526,2025-12-03,CUST1107,Ghaziabad,Clothing,Sneakers,2,2800,0.15,4760.0,1299.46,Online
ORD10527,2025-03-31,CUST1139,Gurgaon,Clothing,Sneakers,2,2800,0.05,5320.0,1489.51,Online
ORD10528,2025-09-21,CUST1088,Faridabad,Home & Kitchen,Mixer,4,4500,0.2,14400.0,4119.77,Store
ORD10529,2025-04-03,CUST1242,Delhi,Home & Kitchen,Air Fryer,1,7000,0.1,6300.0,1877.81,Online
ORD10530,2025-03-31,CUST1202,Faridabad,Furniture,Desk,5,11000,0.2,44000.0,16099.67,Online
ORD10531,2025-04-25,CUST1083,Noida,Electronics,Headphones,3,2500,0.2,6000.0,1288.21,Store
ORD10532,2025-04-15,CUST1027,Gurgaon,Furniture,Office Chair,1,8500,0.15,7225.0,1409.51,Online
ORD10533,2025-07-15,CUST1052,Delhi,Clothing,T-Shirt,5,900,0.2,3600.0,1113.27,Online
ORD10534,2025-11-10,CUST1177,Gurgaon,Furniture,Bookshelf,5,6000,0.15,25500.0,6465.7,Store
ORD10535,2025-04-24,CUST1137,Jaipur,Furniture,Bookshelf,1,6000,0.0,6000.0,2156.92,Online
ORD10536,2025-03-16,CUST1170,Chandigarh,Home & Kitchen,Mixer,3,4500,0.0,13500.0,2811.19,Online
ORD10537,2025-08-05,CUST1201,Ghaziabad,Clothing,Sneakers,3,2800,0.0,8400.0,3169.74,Online
ORD10538,2025-10-04,CUST1151,Ghaziabad,Furniture,Office Chair,5,8500,0.15,36125.0,12068.65,Online
ORD10539,2025-09-06,CUST1108,Gurgaon,Furniture,Bookshelf,5,6000,0.05,28500.0,7798.23,Store
ORD10540,2025-06-13,CUST1160,Gurgaon,Furniture,Desk,1,11000,0.0,11000.0,3268.76,Online
ORD10541,2025-12-23,CUST1115,Faridabad,Home & Kitchen,Cookware Set,2,3500,0.05,6650.0,1682.93,Store
ORD10542,2025-07-11,CUST1167,Chandigarh,Clothing,T-Shirt,2,900,0.15,1530.0,486.23,Online
ORD10543,2025-08-15,CUST1107,Ghaziabad,Furniture,Desk,3,11000,0.15,28050.0,7450.57,Online
ORD10544,2025-06-26,CUST1074,Chandigarh,Home & Kitchen,Air Fryer,1,7000,0.0,7000.0,1902.73,Store
ORD10545,2025-04-09,CUST1141,Jaipur,Electronics,Laptop,5,55000,0.05,261250.0,82160.4,Online
ORD10546,2025-02-05,CUST1245,Ghaziabad,Electronics,Headphones,5,2500,0.2,10000.0,2406.75,Online
ORD10547,2025-04-06,CUST1069,Gurgaon,Furniture,Bookshelf,2,6000,0.0,12000.0,4064.99,Online
ORD10548,2025-06-01,CUST1193,Delhi,Electronics,Smartphone,2,22000,0.0,44000.0,8347.31,Store
ORD10549,2025-05-31,CUST1131,Chandigarh,Electronics,Laptop,3,55000,0.0,165000.0,40482.87,Online
ORD10550,2025-07-09,CUST1025,Jaipur,Furniture,Office Chair,3,8500,0.05,24225.0,7978.4,Store
ORD10551,2025-08-12,CUST1080,Delhi,Clothing,T-Shirt,1,900,0.2,720.0,155.32,Online
ORD10552,2025-02-06,CUST1157,Noida,Clothing,Sneakers,3,2800,0.0,8400.0,2298.95,Online
ORD10553,2025-09-25,CUST1139,Ghaziabad,Electronics,Headphones,1,2500,0.2,2000.0,566.26,Store
ORD10554,2025-07-02,CUST1048,Gurgaon,Home & Kitchen,Cookware Set,1,3500,0.05,3325.0,663.82,Store
ORD10555,2025-01-13,CUST1079,Faridabad,Furniture,Table Lamp,4,1800,0.0,7200.0,1665.96,Store
ORD10556,2025-10-06,CUST1077,Ghaziabad,Clothing,T-Shirt,1,900,0.2,720.0,208.73,Store
ORD10557,2025-08-05,CUST1221,Noida,Home & Kitchen,Air Fryer,4,7000,0.2,22400.0,6007.41,Online
ORD10558,2025-12-21,CUST1116,Noida,Electronics,Smartphone,3,22000,0.15,56100.0,16109.24,Store
ORD10559,2025-12-27,CUST1130,Jaipur,Home & Kitchen,Air Fryer,3,7000,0.1,18900.0,5748.52,Store
ORD10560,2025-10-13,CUST1226,Ghaziabad,Electronics,Laptop,1,55000,0.15,46750.0,11855.91,Store
ORD10561,2025-09-30,CUST1250,Gurgaon,Home & Kitchen,Air Fryer,1,7000,0.15,5950.0,1348.85,Online
ORD10562,2025-03-03,CUST1099,Ghaziabad,Home & Kitchen,Bedsheet,5,1600,0.05,7600.0,1735.08,Online
ORD10563,2025-03-25,CUST1092,Delhi,Home & Kitchen,Bedsheet,4,1600,0.2,5120.0,1549.7,Online
ORD10564,2025-08-05,CUST1215,Chandigarh,Clothing,Sneakers,5,2800,0.05,13300.0,2638.11,Online
ORD10565,2025-12-08,CUST1245,Jaipur,Furniture,Office Chair,2,8500,0.15,14450.0,3027.03,Store
ORD10566,2025-07-06,CUST1011,Jaipur,Clothing,Jeans,4,1800,0.05,6840.0,2031.52,Store
ORD10567,2025-01-19,CUST1187,Gurgaon,Furniture,Table Lamp,3,1800,0.0,5400.0,1791.18,Store
ORD10568,2025-06-26,CUST1207,Delhi,Home & Kitchen,Cookware Set,4,3500,0.05,13300.0,3705.22,Store
ORD10569,2025-04-10,CUST1023,Gurgaon,Electronics,Headphones,2,2500,0.15,4250.0,1237.72,Store
ORD10570,2025-08-21,CUST1166,Noida,Home & Kitchen,Bedsheet,1,1600,0.0,1600.0,523.5,Store
ORD10571,2025-03-17,CUST1149,Gurgaon,Home & Kitchen,Mixer,1,4500,0.2,3600.0,773.34,Store
ORD10572,2025-09-22,CUST1074,Chandigarh,Home & Kitchen,Mixer,3,4500,0.15,11475.0,2469.95,Online
ORD10573,2025-10-11,CUST1084,Faridabad,Home & Kitchen,Air Fryer,4,7000,0.15,23800.0,5361.37,Online
ORD10574,2025-07-25,CUST1070,Ghaziabad,Clothing,Sneakers,1,2800,0.2,2240.0,734.91,Online
ORD10575,2025-08-11,CUST1046,Gurgaon,Home & Kitchen,Bedsheet,3,1600,0.2,3840.0,975.33,Store
ORD10576,2025-02-21,CUST1157,Chandigarh,Furniture,Desk,1,11000,0.1,9900.0,2743.88,Store
ORD10577,2025-12-05,CUST1225,Jaipur,Home & Kitchen,Mixer,2,4500,0.05,8550.0,1969.91,Online
ORD10578,2025-05-24,CUST1189,Chandigarh,Home & Kitchen,Bedsheet,3,1600,0.15,4080.0,813.48,Online
ORD10579,2025-03-10,CUST1091,Noida,Home & Kitchen,Bedsheet,5,1600,0.05,7600.0,2879.31,Online
ORD10580,2025-04-09,CUST1244,Noida,Home & Kitchen,Air Fryer,5,7000,0.2,28000.0,9911.55,Online
ORD10581,2025-01-25,CUST1048,Ghaziabad,Furniture,Office Chair,3,8500,0.1,22950.0,8658.12,Online
ORD10582,2025-02-22,CUST1160,Chandigarh,Furniture,Desk,2,11000,0.0,22000.0,5005.87,Online
ORD10583,2025-05-31,CUST1208,Ghaziabad,Home & Kitchen,Bedsheet,3,1600,0.05,4560.0,1218.98,Online
ORD10584,2025-05-24,CUST1061,Ghaziabad,Home & Kitchen,Mixer,2,4500,0.1,8100.0,2136.86,Online
ORD10585,2025-02-26,CUST1171,Delhi,Electronics,Smartphone,3,22000,0.05,62700.0,14955.24,Store
ORD10586,2025-02-08,CUST1183,Faridabad,Home & Kitchen,Bedsheet,3,1600,0.1,4320.0,838.82,Online
ORD10587,2025-04-19,CUST1012,Gurgaon,Home & Kitchen,Air Fryer,3,7000,0.2,16800.0,3038.68,Store
ORD10588,2025-06-30,CUST1153,Jaipur,Furniture,Desk,1,11000,0.05,10450.0,2476.44,Online
ORD10589,2025-02-11,CUST1055,Jaipur,Home & Kitchen,Bedsheet,3,1600,0.2,3840.0,940.96,Store
ORD10590,2025-07-05,CUST1087,Delhi,Furniture,Table Lamp,3,1800,0.2,4320.0,1095.86,Online
ORD10591,2025-08-11,CUST1150,Noida,Home & Kitchen,Air Fryer,1,7000,0.0,7000.0,2562.28,Online
ORD10592,2025-05-02,CUST1204,Jaipur,Home & Kitchen,Bedsheet,4,1600,0.0,6400.0,2202.42,Store
ORD10593,2025-05-13,CUST1178,Faridabad,Electronics,Headphones,1,2500,0.2,2000.0,380.5,Store
ORD10594,2025-06-12,CUST1012,Jaipur,Home & Kitchen,Bedsheet,1,1600,0.1,1440.0,345.7,Store
ORD10595,2025-08-03,CUST1094,Ghaziabad,Home & Kitchen,Cookware Set,3,3500,0.15,8925.0,2519.54,Online
ORD10596,2025-08-09,CUST1036,Jaipur,Electronics,Headphones,5,2500,0.0,12500.0,4057.47,Store
ORD10597,2025-08-23,CUST1008,Ghaziabad,Clothing,Jacket,4,3200,0.1,11520.0,4257.82,Store
ORD10598,2025-11-27,CUST1144,Jaipur,Clothing,Jeans,1,1800,0.15,1530.0,311.82,Store
ORD10599,2025-05-26,CUST1176,Noida,Clothing,Jacket,5,3200,0.1,14400.0,2920.05,Online
ORD10600,2025-08-27,CUST1037,Gurgaon,Furniture,Bookshelf,1,6000,0.1,5400.0,1835.4,Online
ORD10601,2025-03-17,CUST1020,Faridabad,Home & Kitchen,Air Fryer,1,7000,0.2,5600.0,2058.12,Online
ORD10602,2025-01-09,CUST1042,Jaipur,Furniture,Office Chair,4,8500,0.0,34000.0,8368.7,Online
ORD10603,2025-03-15,CUST1108,Gurgaon,Electronics,Smartphone,3,22000,0.05,62700.0,22935.22,Store
ORD10604,2025-09-10,CUST1138,Faridabad,Clothing,Jacket,4,3200,0.05,12160.0,3967.66,Online
ORD10605,2025-08-18,CUST1249,Faridabad,Furniture,Office Chair,4,8500,0.1,30600.0,5597.94,Store
ORD10606,2025-01-07,CUST1060,Gurgaon,Furniture,Bookshelf,3,6000,0.2,14400.0,4802.38,Online
ORD10607,2025-06-23,CUST1224,Faridabad,Clothing,Sneakers,1,2800,0.15,2380.0,583.58,Online
ORD10608,2025-05-21,CUST1127,Chandigarh,Clothing,Jeans,4,1800,0.05,6840.0,2130.46,Store
ORD10609,2025-06-17,CUST1096,Jaipur,Furniture,Bookshelf,2,6000,0.1,10800.0,2887.04,Online
ORD10610,2025-06-19,CUST1060,Jaipur,Home & Kitchen,Bedsheet,2,1600,0.1,2880.0,1092.59,Online
ORD10611,2025-10-10,CUST1106,Ghaziabad,Electronics,Laptop,1,55000,0.05,52250.0,11261.12,Store
ORD10612,2025-05-02,CUST1018,Noida,Electronics,Headphones,1,2500,0.2,2000.0,621.18,Store
ORD10613,2025-07-13,CUST1063,Chandigarh,Furniture,Table Lamp,1,1800,0.05,1710.0,542.45,Online
ORD10614,2025-01-05,CUST1218,Noida,Home & Kitchen,Mixer,1,4500,0.0,4500.0,863.62,Online
ORD10615,2025-01-29,CUST1172,Jaipur,Electronics,Headphones,5,2500,0.0,12500.0,3518.58,Online
ORD10616,2025-06-14,CUST1144,Chandigarh,Clothing,Sneakers,1,2800,0.1,2520.0,554.54,Online
ORD10617,2025-12-05,CUST1232,Ghaziabad,Electronics,Monitor,3,12000,0.0,36000.0,9980.27,Online
ORD10618,2025-05-16,CUST1077,Delhi,Electronics,Laptop,1,55000,0.2,44000.0,12230.69,Store
ORD10619,2025-12-31,CUST1025,Ghaziabad,Clothing,Jeans,4,1800,0.15,6120.0,1649.14,Store
ORD10620,2025-11-17,CUST1156,Noida,Clothing,Jacket,4,3200,0.2,10240.0,3320.54,Online
ORD10621,2025-12-08,CUST1247,Jaipur,Furniture,Desk,2,11000,0.2,17600.0,4658.32,Online
ORD10622,2025-05-25,CUST1187,Faridabad,Furniture,Desk,3,11000,0.05,31350.0,9609.46,Online
ORD10623,2025-11-23,CUST1089,Chandigarh,Clothing,Jacket,5,3200,0.2,12800.0,4415.68,Online
ORD10624,2025-08-05,CUST1127,Jaipur,Home & Kitchen,Air Fryer,5,7000,0.05,33250.0,9164.01,Store
ORD10625,2025-10-28,CUST1020,Faridabad,Home & Kitchen,Mixer,5,4500,0.05,21375.0,4734.16,Online
ORD10626,2025-05-12,CUST1205,Delhi,Electronics,Laptop,4,55000,0.0,220000.0,59209.15,Store
ORD10627,2025-10-19,CUST1174,Noida,Clothing,Jeans,2,1800,0.1,3240.0,1205.24,Store
ORD10628,2025-03-11,CUST1241,Faridabad,Home & Kitchen,Air Fryer,3,7000,0.2,16800.0,4811.29,Online
ORD10629,2025-09-09,CUST1030,Chandigarh,Home & Kitchen,Mixer,2,4500,0.05,8550.0,2371.9,Online
ORD10630,2025-10-02,CUST1082,Ghaziabad,Home & Kitchen,Bedsheet,2,1600,0.2,2560.0,610.24,Online
ORD10631,2025-12-30,CUST1116,Chandigarh,Furniture,Office Chair,5,8500,0.0,42500.0,11810.06,Online
ORD10632,2025-07-01,CUST1215,Faridabad,Electronics,Monitor,2,12000,0.15,20400.0,5706.8,Store
ORD10633,2025-06-16,CUST1111,Delhi,Electronics,Laptop,1,55000,0.15,46750.0,9084.61,Store
ORD10634,2025-04-01,CUST1032,Chandigarh,Electronics,Smartphone,3,22000,0.05,62700.0,21123.62,Store
ORD10635,2025-07-21,CUST1072,Noida,Electronics,Laptop,5,55000,0.0,275000.0,71042.43,Store
ORD10636,2025-12-12,CUST1190,Noida,Clothing,Sneakers,1,2800,0.1,2520.0,553.67,Online
ORD10637,2025-01-19,CUST1250,Ghaziabad,Furniture,Bookshelf,3,6000,0.0,18000.0,6081.19,Online
ORD10638,2025-02-08,CUST1243,Jaipur,Furniture,Office Chair,2,8500,0.2,13600.0,3129.56,Store
ORD10639,2025-05-06,CUST1088,Delhi,Clothing,T-Shirt,1,900,0.1,810.0,239.99,Online
ORD10640,2025-06-22,CUST1017,Jaipur,Electronics,Smartphone,2,22000,0.1,39600.0,10002.21,Online
ORD10641,2025-05-21,CUST1037,Noida,Furniture,Table Lamp,4,1800,0.05,6840.0,1751.57,Store
ORD10642,2025-08-30,CUST1058,Ghaziabad,Electronics,Monitor,2,12000,0.0,24000.0,7768.24,Store
ORD10643,2025-08-08,CUST1188,Jaipur,Clothing,Jeans,1,1800,0.0,1800.0,559.12,Online
ORD10644,2025-05-06,CUST1184,Noida,Clothing,Jeans,4,1800,0.1,6480.0,2278.04,Store
ORD10645,2025-02-27,CUST1097,Chandigarh,Electronics,Laptop,2,55000,0.05,104500.0,18983.55,Store
ORD10646,2025-05-28,CUST1155,Delhi,Furniture,Table Lamp,2,1800,0.15,3060.0,1041.32,Online
ORD10647,2025-11-13,CUST1034,Noida,Home & Kitchen,Bedsheet,4,1600,0.2,5120.0,1488.16,Store
ORD10648,2025-12-27,CUST1192,Gurgaon,Furniture,Table Lamp,2,1800,0.0,3600.0,827.15,Online
ORD10649,2025-01-01,CUST1208,Delhi,Electronics,Smartphone,5,22000,0.1,99000.0,22630.45,Online
ORD10650,2025-12-14,CUST1026,Chandigarh,Electronics,Smartphone,4,22000,0.0,88000.0,21761.98,Store
ORD10651,2025-07-09,CUST1132,Chandigarh,Furniture,Bookshelf,2,6000,0.15,10200.0,2330.77,Store
ORD10652,2025-07-10,CUST1131,Gurgaon,Furniture,Bookshelf,1,6000,0.0,6000.0,1404.35,Online
ORD10653,2025-11-08,CUST1213,Jaipur,Clothing,T-Shirt,4,900,0.0,3600.0,775.8,Online
ORD10654,2025-04-27,CUST1250,Jaipur,Electronics,Laptop,4,55000,0.2,176000.0,49532.75,Store
ORD10655,2025-05-14,CUST1122,Ghaziabad,Home & Kitchen,Air Fryer,1,7000,0.2,5600.0,1474.36,Store
ORD10656,2025-02-27,CUST1196,Noida,Electronics,Laptop,3,55000,0.15,140250.0,32734.35,Store
ORD10657,2025-02-13,CUST1151,Noida,Furniture,Office Chair,4,8500,0.1,30600.0,8160.38,Store
ORD10658,2025-06-22,CUST1200,Chandigarh,Electronics,Headphones,2,2500,0.0,5000.0,957.34,Online
ORD10659,2025-06-09,CUST1055,Ghaziabad,Home & Kitchen,Mixer,5,4500,0.05,21375.0,5656.43,Store
ORD10660,2025-06-22,CUST1059,Gurgaon,Clothing,Jacket,5,3200,0.2,12800.0,4284.74,Online
ORD10661,2025-11-13,CUST1220,Faridabad,Furniture,Table Lamp,4,1800,0.1,6480.0,1608.7,Store
ORD10662,2025-10-30,CUST1191,Ghaziabad,Furniture,Bookshelf,2,6000,0.2,9600.0,2557.49,Online
ORD10663,2025-05-29,CUST1103,Chandigarh,Furniture,Desk,4,11000,0.05,41800.0,9249.75,Store
ORD10664,2025-03-21,CUST1129,Chandigarh,Furniture,Office Chair,2,8500,0.15,14450.0,5412.25,Store
ORD10665,2025-08-01,CUST1191,Gurgaon,Furniture,Table Lamp,5,1800,0.0,9000.0,2964.86,Store
ORD10666,2025-07-22,CUST1099,Ghaziabad,Clothing,Jeans,5,1800,0.0,9000.0,3282.41,Store
ORD10667,2025-09-09,CUST1141,Delhi,Furniture,Table Lamp,1,1800,0.0,1800.0,483.37,Store
ORD10668,2025-08-17,CUST1239,Ghaziabad,Electronics,Laptop,5,55000,0.1,247500.0,83098.68,Online
ORD10669,2025-06-13,CUST1159,Ghaziabad,Furniture,Desk,5,11000,0.1,49500.0,11073.09,Store
ORD10670,2025-08-15,CUST1049,Chandigarh,Electronics,Smartphone,4,22000,0.2,70400.0,13604.81,Online
ORD10671,2025-05-27,CUST1134,Jaipur,Electronics,Headphones,2,2500,0.2,4000.0,1270.56,Online
ORD10672,2025-01-20,CUST1249,Jaipur,Home & Kitchen,Bedsheet,2,1600,0.05,3040.0,953.28,Store
ORD10673,2025-02-16,CUST1239,Faridabad,Home & Kitchen,Mixer,4,4500,0.1,16200.0,3649.63,Online
ORD10674,2025-08-21,CUST1163,Gurgaon,Electronics,Laptop,3,55000,0.1,148500.0,49555.04,Store
ORD10675,2025-11-01,CUST1107,Gurgaon,Clothing,Sneakers,5,2800,0.2,11200.0,3419.45,Online
ORD10676,2025-01-14,CUST1128,Jaipur,Electronics,Smartphone,4,22000,0.2,70400.0,19266.21,Online
ORD10677,2025-05-23,CUST1144,Jaipur,Home & Kitchen,Bedsheet,4,1600,0.1,5760.0,2155.21,Store
ORD10678,2025-01-01,CUST1194,Chandigarh,Home & Kitchen,Mixer,2,4500,0.15,7650.0,2114.04,Online
ORD10679,2025-02-23,CUST1194,Chandigarh,Furniture,Desk,3,11000,0.0,33000.0,10473.87,Store
ORD10680,2025-09-16,CUST1208,Noida,Clothing,Sneakers,3,2800,0.05,7980.0,2527.13,Store
ORD10681,2025-05-24,CUST1221,Chandigarh,Clothing,Jeans,2,1800,0.05,3420.0,836.23,Store
ORD10682,2025-01-12,CUST1094,Jaipur,Electronics,Headphones,3,2500,0.2,6000.0,1490.33,Store
ORD10683,2025-11-26,CUST1151,Jaipur,Clothing,Jeans,5,1800,0.15,7650.0,2327.07,Store
ORD10684,2025-08-12,CUST1229,Gurgaon,Clothing,Jeans,2,1800,0.05,3420.0,947.96,Store
ORD10685,2025-09-29,CUST1043,Delhi,Furniture,Desk,3,11000,0.1,29700.0,6364.78,Store
ORD10686,2025-12-24,CUST1133,Jaipur,Electronics,Monitor,4,12000,0.0,48000.0,11247.64,Store
ORD10687,2025-06-05,CUST1112,Chandigarh,Furniture,Desk,3,11000,0.0,33000.0,9898.6,Online
ORD10688,2025-01-08,CUST1060,Faridabad,Home & Kitchen,Mixer,3,4500,0.05,12825.0,4807.4,Online
ORD10689,2025-05-02,CUST1233,Delhi,Home & Kitchen,Cookware Set,1,3500,0.05,3325.0,1183.44,Online
ORD10690,2025-12-14,CUST1047,Faridabad,Clothing,Jeans,3,1800,0.2,4320.0,1449.21,Store
ORD10691,2025-06-13,CUST1248,Chandigarh,Furniture,Bookshelf,1,6000,0.15,5100.0,1804.89,Online
ORD10692,2025-03-31,CUST1094,Chandigarh,Clothing,Jeans,2,1800,0.0,3600.0,870.91,Online
ORD10693,2025-05-16,CUST1226,Gurgaon,Clothing,T-Shirt,1,900,0.1,810.0,210.2,Online
ORD10694,2025-07-05,CUST1173,Chandigarh,Clothing,Jacket,3,3200,0.2,7680.0,1635.92,Online
ORD10695,2025-11-12,CUST1210,Jaipur,Electronics,Laptop,2,55000,0.15,93500.0,34858.11,Online
ORD10696,2025-06-27,CUST1245,Noida,Clothing,Jacket,1,3200,0.1,2880.0,868.09,Store
ORD10697,2025-01-28,CUST1239,Gurgaon,Home & Kitchen,Bedsheet,1,1600,0.15,1360.0,431.47,Store
ORD10698,2025-08-08,CUST1130,Gurgaon,Clothing,Sneakers,5,2800,0.15,11900.0,2204.36,Online
ORD10699,2025-12-23,CUST1043,Delhi,Clothing,Jacket,3,3200,0.15,8160.0,2405.37,Online
ORD10700,2025-02-10,CUST1069,Gurgaon,Home & Kitchen,Mixer,1,4500,0.15,3825.0,828.26,Store
ORD10701,2025-08-16,CUST1101,Jaipur,Electronics,Monitor,4,12000,0.2,38400.0,9780.81,Online
ORD10702,2025-07-11,CUST1125,Ghaziabad,Home & Kitchen,Bedsheet,2,1600,0.2,2560.0,527.04,Online
ORD10703,2025-05-25,CUST1106,Ghaziabad,Electronics,Smartphone,4,22000,0.15,74800.0,26009.94,Store
ORD10704,2025-07-20,CUST1025,Jaipur,Furniture,Office Chair,3,8500,0.15,21675.0,5863.46,Online
ORD10705,2025-07-31,CUST1100,Jaipur,Electronics,Monitor,2,12000,0.05,22800.0,8405.54,Online
ORD10706,2025-08-08,CUST1118,Ghaziabad,Electronics,Smartphone,2,22000,0.2,35200.0,11640.5,Store
ORD10707,2025-08-28,CUST1073,Chandigarh,Furniture,Desk,4,11000,0.15,37400.0,11878.9,Online
ORD10708,2025-02-15,CUST1032,Faridabad,Electronics,Smartphone,4,22000,0.0,88000.0,30956.51,Store
ORD10709,2025-02-04,CUST1075,Ghaziabad,Electronics,Headphones,5,2500,0.15,10625.0,2642.68,Store
ORD10710,2025-09-10,CUST1077,Gurgaon,Clothing,Jeans,4,1800,0.2,5760.0,1048.6,Online
ORD10711,2025-03-23,CUST1159,Noida,Clothing,Jeans,4,1800,0.1,6480.0,2243.3,Online
ORD10712,2025-09-13,CUST1032,Gurgaon,Furniture,Office Chair,5,8500,0.1,38250.0,6998.41,Online
ORD10713,2025-07-16,CUST1216,Delhi,Electronics,Monitor,2,12000,0.05,22800.0,5842.4,Store
ORD10714,2025-10-30,CUST1139,Chandigarh,Home & Kitchen,Bedsheet,5,1600,0.1,7200.0,2334.33,Online
ORD10715,2025-01-10,CUST1209,Delhi,Electronics,Monitor,2,12000,0.05,22800.0,7507.66,Online
ORD10716,2025-11-08,CUST1199,Gurgaon,Clothing,Sneakers,1,2800,0.15,2380.0,532.68,Store
ORD10717,2025-10-13,CUST1203,Gurgaon,Furniture,Table Lamp,4,1800,0.15,6120.0,2250.93,Online
ORD10718,2025-08-30,CUST1234,Noida,Clothing,Jacket,5,3200,0.1,14400.0,4537.93,Online
ORD10719,2025-09-08,CUST1060,Jaipur,Furniture,Desk,2,11000,0.0,22000.0,5356.86,Store
ORD10720,2025-12-31,CUST1010,Faridabad,Electronics,Monitor,4,12000,0.0,48000.0,18063.49,Store
ORD10721,2025-01-05,CUST1118,Gurgaon,Furniture,Table Lamp,1,1800,0.2,1440.0,356.79,Online
ORD10722,2025-04-29,CUST1107,Noida,Furniture,Office Chair,5,8500,0.0,42500.0,8929.71,Online
ORD10723,2025-10-16,CUST1012,Delhi,Home & Kitchen,Bedsheet,2,1600,0.05,3040.0,793.96,Store
ORD10724,2025-03-06,CUST1226,Faridabad,Clothing,Jeans,1,1800,0.05,1710.0,621.89,Online
ORD10725,2025-05-26,CUST1164,Jaipur,Clothing,Sneakers,2,2800,0.0,5600.0,1374.41,Online
ORD10726,2025-08-12,CUST1012,Ghaziabad,Electronics,Headphones,1,2500,0.05,2375.0,878.55,Store
ORD10727,2025-08-27,CUST1078,Ghaziabad,Electronics,Monitor,5,12000,0.2,48000.0,17573.82,Store
ORD10728,2025-06-26,CUST1248,Jaipur,Furniture,Table Lamp,2,1800,0.05,3420.0,1021.49,Store
ORD10729,2025-09-24,CUST1217,Delhi,Home & Kitchen,Mixer,4,4500,0.2,14400.0,2879.24,Online
ORD10730,2025-12-07,CUST1151,Ghaziabad,Electronics,Monitor,4,12000,0.05,45600.0,12027.5,Online
ORD10731,2025-10-09,CUST1104,Noida,Home & Kitchen,Bedsheet,3,1600,0.2,3840.0,950.91,Store
ORD10732,2025-03-04,CUST1142,Ghaziabad,Furniture,Bookshelf,4,6000,0.0,24000.0,5927.73,Online
ORD10733,2025-08-05,CUST1239,Faridabad,Home & Kitchen,Cookware Set,4,3500,0.0,14000.0,2991.75,Store
ORD10734,2025-12-08,CUST1104,Noida,Furniture,Office Chair,5,8500,0.1,38250.0,11459.49,Store
ORD10735,2025-11-11,CUST1099,Delhi,Home & Kitchen,Air Fryer,3,7000,0.0,21000.0,7922.74,Store
ORD10736,2025-10-10,CUST1133,Delhi,Electronics,Smartphone,5,22000,0.1,99000.0,21312.59,Online
ORD10737,2025-06-26,CUST1219,Delhi,Furniture,Desk,1,11000,0.05,10450.0,2702.09,Store
ORD10738,2025-04-08,CUST1096,Noida,Furniture,Bookshelf,1,6000,0.15,5100.0,1797.22,Online
ORD10739,2025-04-15,CUST1016,Noida,Home & Kitchen,Air Fryer,3,7000,0.2,16800.0,6089.5,Store
ORD10740,2025-04-09,CUST1181,Chandigarh,Home & Kitchen,Cookware Set,3,3500,0.0,10500.0,3317.94,Online
ORD10741,2025-11-07,CUST1008,Ghaziabad,Electronics,Laptop,2,55000,0.2,88000.0,18311.81,Store
ORD10742,2025-01-06,CUST1197,Noida,Electronics,Smartphone,1,22000,0.1,19800.0,4599.52,Store
ORD10743,2025-07-16,CUST1167,Faridabad,Clothing,Sneakers,4,2800,0.2,8960.0,2944.72,Online
ORD10744,2025-12-17,CUST1141,Ghaziabad,Furniture,Desk,3,11000,0.1,29700.0,7608.11,Store
ORD10745,2025-05-13,CUST1109,Jaipur,Clothing,T-Shirt,4,900,0.15,3060.0,861.66,Online
ORD10746,2025-12-24,CUST1115,Gurgaon,Electronics,Smartphone,4,22000,0.05,83600.0,23014.02,Online
ORD10747,2025-09-16,CUST1184,Noida,Clothing,Jacket,5,3200,0.15,13600.0,3069.49,Store
ORD10748,2025-01-23,CUST1183,Jaipur,Furniture,Bookshelf,3,6000,0.15,15300.0,4363.06,Online
ORD10749,2025-02-22,CUST1098,Noida,Clothing,Jeans,2,1800,0.1,3240.0,626.91,Online
ORD10750,2025-06-14,CUST1065,Noida,Home & Kitchen,Bedsheet,4,1600,0.0,6400.0,1646.54,Store
ORD10751,2025-07-21,CUST1120,Chandigarh,Furniture,Table Lamp,3,1800,0.15,4590.0,1073.86,Online
ORD10752,2025-03-24,CUST1154,Jaipur,Furniture,Bookshelf,5,6000,0.15,25500.0,8721.33,Store
ORD10753,2025-05-25,CUST1046,Ghaziabad,Clothing,Sneakers,3,2800,0.1,7560.0,1494.86,Store
ORD10754,2025-03-26,CUST1118,Jaipur,Home & Kitchen,Bedsheet,1,1600,0.2,1280.0,290.17,Online
ORD10755,2025-03-19,CUST1007,Jaipur,Electronics,Monitor,4,12000,0.1,43200.0,8375.25,Store
ORD10756,2025-01-01,CUST1023,Gurgaon,Clothing,Jacket,4,3200,0.0,12800.0,4221.75,Store
ORD10757,2025-02-20,CUST1029,Noida,Clothing,Jacket,1,3200,0.05,3040.0,659.21,Online
ORD10758,2025-06-22,CUST1208,Jaipur,Electronics,Monitor,3,12000,0.15,30600.0,5521.77,Store
ORD10759,2025-07-24,CUST1248,Delhi,Electronics,Monitor,5,12000,0.2,48000.0,17134.6,Online
ORD10760,2025-09-17,CUST1064,Jaipur,Furniture,Desk,2,11000,0.1,19800.0,4911.63,Store
ORD10761,2025-10-15,CUST1081,Gurgaon,Clothing,Jeans,1,1800,0.05,1710.0,399.97,Online
ORD10762,2025-02-03,CUST1240,Ghaziabad,Clothing,T-Shirt,2,900,0.05,1710.0,560.04,Store
ORD10763,2025-12-14,CUST1236,Ghaziabad,Furniture,Desk,3,11000,0.15,28050.0,8990.8,Store
ORD10764,2025-04-05,CUST1246,Gurgaon,Electronics,Headphones,4,2500,0.0,10000.0,2560.06,Store
ORD10765,2025-03-13,CUST1008,Ghaziabad,Electronics,Laptop,2,55000,0.0,110000.0,39630.93,Store
ORD10766,2025-02-08,CUST1043,Noida,Electronics,Smartphone,4,22000,0.05,83600.0,22906.9,Store
ORD10767,2025-06-03,CUST1157,Noida,Home & Kitchen,Cookware Set,1,3500,0.05,3325.0,1149.06,Online
ORD10768,2025-09-07,CUST1039,Jaipur,Clothing,Jacket,3,3200,0.15,8160.0,2098.1,Store
ORD10769,2025-06-11,CUST1022,Noida,Home & Kitchen,Bedsheet,1,1600,0.15,1360.0,462.19,Store
ORD10770,2025-04-28,CUST1181,Chandigarh,Clothing,Sneakers,4,2800,0.15,9520.0,2125.87,Online
ORD10771,2025-09-16,CUST1090,Ghaziabad,Home & Kitchen,Mixer,1,4500,0.05,4275.0,779.97,Store
ORD10772,2025-11-02,CUST1095,Jaipur,Furniture,Desk,4,11000,0.1,39600.0,10959.04,Online
ORD10773,2025-09-25,CUST1229,Faridabad,Home & Kitchen,Cookware Set,1,3500,0.05,3325.0,943.45,Store
ORD10774,2025-02-23,CUST1076,Chandigarh,Home & Kitchen,Cookware Set,3,3500,0.0,10500.0,2154.86,Online
ORD10775,2025-08-24,CUST1180,Chandigarh,Electronics,Laptop,3,55000,0.2,132000.0,38547.81,Online
ORD10776,2025-08-10,CUST1210,Faridabad,Clothing,Sneakers,2,2800,0.1,5040.0,1724.4,Store
ORD10777,2025-09-08,CUST1095,Gurgaon,Furniture,Office Chair,2,8500,0.0,17000.0,3619.73,Online
ORD10778,2025-11-09,CUST1098,Ghaziabad,Electronics,Monitor,3,12000,0.05,34200.0,11187.01,Store
ORD10779,2025-04-22,CUST1170,Delhi,Furniture,Desk,2,11000,0.15,18700.0,3607.69,Online
ORD10780,2025-09-12,CUST1142,Chandigarh,Clothing,T-Shirt,5,900,0.1,4050.0,763.06,Store
ORD10781,2025-10-30,CUST1009,Gurgaon,Home & Kitchen,Bedsheet,4,1600,0.1,5760.0,1468.05,Online
ORD10782,2025-07-26,CUST1224,Noida,Furniture,Desk,5,11000,0.2,44000.0,9999.51,Store
ORD10783,2025-08-17,CUST1131,Noida,Clothing,Jacket,2,3200,0.2,5120.0,1932.96,Store
ORD10784,2025-12-07,CUST1111,Jaipur,Clothing,Sneakers,5,2800,0.1,12600.0,4659.1,Online
ORD10785,2025-03-07,CUST1247,Gurgaon,Home & Kitchen,Mixer,3,4500,0.1,12150.0,3686.83,Store
ORD10786,2025-03-16,CUST1045,Chandigarh,Home & Kitchen,Air Fryer,4,7000,0.1,25200.0,9263.31,Store
ORD10787,2025-04-13,CUST1077,Ghaziabad,Home & Kitchen,Mixer,3,4500,0.0,13500.0,3623.74,Online
ORD10788,2025-07-11,CUST1113,Ghaziabad,Furniture,Bookshelf,2,6000,0.0,12000.0,2393.37,Store
ORD10789,2025-09-09,CUST1200,Delhi,Electronics,Laptop,2,55000,0.1,99000.0,25953.55,Online
ORD10790,2025-08-14,CUST1154,Jaipur,Electronics,Headphones,4,2500,0.0,10000.0,3546.11,Store
ORD10791,2025-10-21,CUST1171,Jaipur,Home & Kitchen,Cookware Set,1,3500,0.15,2975.0,917.41,Online
ORD10792,2025-11-02,CUST1141,Noida,Furniture,Office Chair,3,8500,0.0,25500.0,8962.96,Store
ORD10793,2025-04-08,CUST1185,Faridabad,Clothing,Sneakers,2,2800,0.1,5040.0,1910.98,Online
ORD10794,2025-12-04,CUST1212,Faridabad,Furniture,Table Lamp,3,1800,0.0,5400.0,1603.32,Online
ORD10795,2025-10-13,CUST1154,Jaipur,Electronics,Monitor,1,12000,0.05,11400.0,4237.54,Store
ORD10796,2025-12-01,CUST1148,Jaipur,Furniture,Table Lamp,5,1800,0.2,7200.0,2491.91,Store
ORD10797,2025-12-13,CUST1045,Gurgaon,Home & Kitchen,Air Fryer,2,7000,0.05,13300.0,3490.73,Online
ORD10798,2025-11-04,CUST1249,Chandigarh,Home & Kitchen,Air Fryer,4,7000,0.2,22400.0,7254.91,Online
ORD10799,2025-09-06,CUST1014,Jaipur,Electronics,Smartphone,3,22000,0.2,52800.0,12806.16,Online
ORD10800,2025-06-15,CUST1119,Jaipur,Clothing,Sneakers,1,2800,0.0,2800.0,834.58,Online
ORD10801,2025-12-01,CUST1220,Faridabad,Furniture,Table Lamp,3,1800,0.05,5130.0,1117.86,Store
ORD10802,2025-01-30,CUST1180,Ghaziabad,Clothing,Jacket,1,3200,0.1,2880.0,793.79,Store
ORD10803,2025-09-04,CUST1127,Noida,Electronics,Laptop,5,55000,0.05,261250.0,52765.29,Store
ORD10804,2025-04-16,CUST1016,Faridabad,Home & Kitchen,Bedsheet,5,1600,0.15,6800.0,1228.72,Store
ORD10805,2025-02-20,CUST1236,Chandigarh,Electronics,Smartphone,4,22000,0.2,70400.0,24879.22,Online
ORD10806,2025-03-22,CUST1153,Delhi,Furniture,Desk,5,11000,0.05,52250.0,10376.41,Online
ORD10807,2025-05-13,CUST1096,Jaipur,Furniture,Desk,3,11000,0.1,29700.0,7123.69,Online
ORD10808,2025-10-12,CUST1103,Chandigarh,Clothing,Jacket,2,3200,0.0,6400.0,1592.44,Online
ORD10809,2025-05-18,CUST1047,Noida,Home & Kitchen,Mixer,4,4500,0.05,17100.0,6261.49,Store
ORD10810,2025-07-03,CUST1091,Delhi,Furniture,Bookshelf,2,6000,0.15,10200.0,2449.35,Online
ORD10811,2025-11-26,CUST1112,Ghaziabad,Home & Kitchen,Mixer,1,4500,0.2,3600.0,838.78,Online
ORD10812,2025-09-30,CUST1092,Delhi,Electronics,Laptop,4,55000,0.2,176000.0,34779.02,Store
ORD10813,2025-12-06,CUST1041,Jaipur,Clothing,T-Shirt,2,900,0.0,1800.0,569.14,Online
ORD10814,2025-03-10,CUST1066,Noida,Clothing,T-Shirt,5,900,0.2,3600.0,1138.54,Online
ORD10815,2025-02-03,CUST1146,Delhi,Furniture,Office Chair,3,8500,0.0,25500.0,9223.75,Store
ORD10816,2025-09-19,CUST1228,Delhi,Home & Kitchen,Mixer,5,4500,0.1,20250.0,4063.87,Online
ORD10817,2025-02-22,CUST1144,Gurgaon,Electronics,Laptop,4,55000,0.1,198000.0,51951.49,Online
ORD10818,2025-07-24,CUST1243,Delhi,Electronics,Smartphone,3,22000,0.0,66000.0,15181.85,Online
ORD10819,2025-05-06,CUST1236,Chandigarh,Clothing,Jeans,3,1800,0.0,5400.0,1761.7,Store
ORD10820,2025-08-23,CUST1021,Gurgaon,Electronics,Headphones,1,2500,0.2,2000.0,522.38,Store
ORD10821,2025-02-12,CUST1234,Gurgaon,Home & Kitchen,Bedsheet,1,1600,0.1,1440.0,521.92,Store
ORD10822,2025-08-28,CUST1244,Ghaziabad,Clothing,T-Shirt,4,900,0.05,3420.0,1105.83,Online
ORD10823,2025-04-21,CUST1154,Faridabad,Home & Kitchen,Air Fryer,4,7000,0.0,28000.0,8910.71,Online
ORD10824,2025-09-06,CUST1247,Ghaziabad,Home & Kitchen,Bedsheet,3,1600,0.0,4800.0,973.28,Store
ORD10825,2025-05-31,CUST1004,Gurgaon,Home & Kitchen,Air Fryer,2,7000,0.05,13300.0,2883.23,Online
ORD10826,2025-07-02,CUST1240,Chandigarh,Clothing,Jeans,5,1800,0.0,9000.0,1836.45,Store
ORD10827,2025-12-02,CUST1229,Ghaziabad,Home & Kitchen,Bedsheet,1,1600,0.2,1280.0,486.16,Store
ORD10828,2025-04-05,CUST1074,Faridabad,Home & Kitchen,Mixer,4,4500,0.2,14400.0,3528.31,Store
ORD10829,2025-01-08,CUST1060,Chandigarh,Clothing,T-Shirt,4,900,0.05,3420.0,834.15,Online
ORD10830,2025-12-26,CUST1179,Ghaziabad,Furniture,Table Lamp,5,1800,0.2,7200.0,2299.12,Online
ORD10831,2025-07-03,CUST1183,Delhi,Home & Kitchen,Air Fryer,1,7000,0.05,6650.0,2090.02,Online
ORD10832,2025-10-08,CUST1220,Gurgaon,Electronics,Headphones,1,2500,0.2,2000.0,588.73,Online
ORD10833,2025-07-14,CUST1075,Jaipur,Furniture,Desk,3,11000,0.05,31350.0,10989.89,Store
ORD10834,2025-12-18,CUST1188,Noida,Home & Kitchen,Bedsheet,5,1600,0.1,7200.0,2162.48,Store
ORD10835,2025-07-14,CUST1236,Chandigarh,Home & Kitchen,Air Fryer,1,7000,0.15,5950.0,1314.88,Online
ORD10836,2025-06-04,CUST1007,Jaipur,Furniture,Bookshelf,1,6000,0.1,5400.0,1019.2,Online
ORD10837,2025-04-03,CUST1220,Faridabad,Electronics,Laptop,1,55000,0.1,49500.0,16349.46,Online
ORD10838,2025-06-09,CUST1155,Gurgaon,Clothing,Jeans,1,1800,0.2,1440.0,299.89,Store
ORD10839,2025-03-02,CUST1029,Jaipur,Electronics,Monitor,1,12000,0.05,11400.0,2177.35,Online
ORD10840,2025-05-02,CUST1115,Jaipur,Furniture,Bookshelf,1,6000,0.1,5400.0,1500.58,Store
ORD10841,2025-02-20,CUST1078,Noida,Clothing,Sneakers,3,2800,0.1,7560.0,1570.34,Store
ORD10842,2025-10-04,CUST1020,Jaipur,Home & Kitchen,Bedsheet,5,1600,0.1,7200.0,1566.8,Online
ORD10843,2025-01-05,CUST1191,Jaipur,Furniture,Bookshelf,1,6000,0.2,4800.0,1147.16,Store
ORD10844,2025-04-02,CUST1104,Chandigarh,Electronics,Smartphone,3,22000,0.1,59400.0,20565.96,Online
ORD10845,2025-06-19,CUST1123,Noida,Electronics,Laptop,3,55000,0.15,140250.0,47838.29,Store
ORD10846,2025-11-13,CUST1165,Delhi,Furniture,Office Chair,1,8500,0.05,8075.0,2419.6,Online
ORD10847,2025-01-22,CUST1048,Noida,Home & Kitchen,Air Fryer,1,7000,0.1,6300.0,1394.74,Store
ORD10848,2025-11-22,CUST1112,Ghaziabad,Home & Kitchen,Air Fryer,3,7000,0.15,17850.0,5109.42,Online
ORD10849,2025-01-01,CUST1151,Gurgaon,Home & Kitchen,Air Fryer,1,7000,0.15,5950.0,1397.81,Store
ORD10850,2025-05-13,CUST1036,Chandigarh,Furniture,Desk,2,11000,0.1,19800.0,4834.52,Store
ORD10851,2025-08-21,CUST1216,Ghaziabad,Home & Kitchen,Air Fryer,3,7000,0.2,16800.0,5381.8,Store
ORD10852,2025-01-12,CUST1034,Jaipur,Home & Kitchen,Bedsheet,4,1600,0.0,6400.0,2148.46,Online
ORD10853,2025-12-12,CUST1246,Chandigarh,Clothing,Sneakers,1,2800,0.2,2240.0,618.0,Online
ORD10854,2025-02-15,CUST1136,Noida,Furniture,Bookshelf,5,6000,0.0,30000.0,10569.77,Store
ORD10855,2025-02-03,CUST1056,Jaipur,Electronics,Headphones,1,2500,0.2,2000.0,494.74,Online
ORD10856,2025-03-19,CUST1035,Ghaziabad,Electronics,Monitor,5,12000,0.2,48000.0,10703.39,Store
ORD10857,2025-08-06,CUST1080,Gurgaon,Electronics,Headphones,2,2500,0.0,5000.0,1762.64,Online
ORD10858,2025-10-28,CUST1094,Jaipur,Electronics,Headphones,4,2500,0.2,8000.0,1982.72,Online
ORD10859,2025-03-14,CUST1192,Noida,Furniture,Bookshelf,1,6000,0.2,4800.0,1574.78,Online
ORD10860,2025-10-09,CUST1066,Delhi,Furniture,Office Chair,1,8500,0.2,6800.0,1411.58,Online
ORD10861,2025-09-06,CUST1110,Delhi,Electronics,Monitor,2,12000,0.2,19200.0,6833.8,Store
ORD10862,2025-02-16,CUST1132,Faridabad,Furniture,Bookshelf,1,6000,0.0,6000.0,1433.32,Online
ORD10863,2025-05-01,CUST1161,Faridabad,Electronics,Headphones,3,2500,0.1,6750.0,1560.56,Store
ORD10864,2025-08-02,CUST1208,Gurgaon,Clothing,T-Shirt,4,900,0.15,3060.0,554.27,Online
ORD10865,2025-08-27,CUST1018,Jaipur,Electronics,Headphones,2,2500,0.0,5000.0,1508.19,Online
ORD10866,2025-02-25,CUST1170,Delhi,Electronics,Laptop,5,55000,0.1,247500.0,60608.45,Online
ORD10867,2025-12-16,CUST1196,Noida,Electronics,Headphones,3,2500,0.05,7125.0,1945.17,Online
ORD10868,2025-04-17,CUST1070,Jaipur,Furniture,Table Lamp,2,1800,0.05,3420.0,914.9,Store
ORD10869,2025-11-15,CUST1107,Ghaziabad,Electronics,Laptop,4,55000,0.0,220000.0,45868.65,Online
ORD10870,2025-02-17,CUST1042,Noida,Clothing,Jeans,1,1800,0.1,1620.0,510.01,Store
ORD10871,2025-03-02,CUST1065,Jaipur,Electronics,Smartphone,4,22000,0.1,79200.0,30086.53,Online
ORD10872,2025-12-03,CUST1099,Jaipur,Electronics,Laptop,3,55000,0.0,165000.0,53085.08,Store
ORD10873,2025-01-26,CUST1243,Delhi,Home & Kitchen,Mixer,3,4500,0.15,11475.0,2506.45,Store
ORD10874,2025-10-19,CUST1017,Jaipur,Electronics,Headphones,1,2500,0.05,2375.0,761.12,Store
ORD10875,2025-09-14,CUST1147,Delhi,Furniture,Bookshelf,1,6000,0.1,5400.0,1366.3,Store
ORD10876,2025-01-08,CUST1052,Ghaziabad,Electronics,Headphones,3,2500,0.05,7125.0,2436.57,Online
ORD10877,2025-04-23,CUST1219,Ghaziabad,Furniture,Desk,5,11000,0.0,55000.0,10390.07,Online
ORD10878,2025-12-21,CUST1168,Gurgaon,Home & Kitchen,Bedsheet,4,1600,0.1,5760.0,1205.06,Store
ORD10879,2025-09-10,CUST1171,Delhi,Clothing,Sneakers,1,2800,0.15,2380.0,459.44,Online
ORD10880,2025-06-29,CUST1079,Gurgaon,Clothing,Jacket,4,3200,0.2,10240.0,3309.19,Store
ORD10881,2025-07-26,CUST1178,Ghaziabad,Home & Kitchen,Mixer,4,4500,0.1,16200.0,3884.97,Online
ORD10882,2025-10-30,CUST1182,Chandigarh,Furniture,Office Chair,4,8500,0.0,34000.0,8530.37,Online
ORD10883,2025-05-07,CUST1097,Chandigarh,Clothing,Jeans,3,1800,0.05,5130.0,1723.16,Online
ORD10884,2025-02-25,CUST1097,Chandigarh,Clothing,Jeans,5,1800,0.15,7650.0,1423.49,Store
ORD10885,2025-08-02,CUST1130,Chandigarh,Home & Kitchen,Mixer,3,4500,0.0,13500.0,3223.92,Store
ORD10886,2025-01-14,CUST1067,Chandigarh,Electronics,Laptop,5,55000,0.05,261250.0,59148.57,Online
ORD10887,2025-01-28,CUST1071,Noida,Electronics,Headphones,1,2500,0.0,2500.0,684.45,Store
ORD10888,2025-03-19,CUST1001,Ghaziabad,Home & Kitchen,Bedsheet,2,1600,0.1,2880.0,1054.63,Store
ORD10889,2025-08-04,CUST1228,Ghaziabad,Electronics,Monitor,2,12000,0.05,22800.0,5944.11,Store
ORD10890,2025-12-31,CUST1191,Chandigarh,Clothing,Sneakers,1,2800,0.0,2800.0,953.85,Store
ORD10891,2025-06-03,CUST1062,Noida,Electronics,Smartphone,4,22000,0.0,88000.0,24180.95,Store
ORD10892,2025-01-14,CUST1127,Faridabad,Electronics,Laptop,3,55000,0.05,156750.0,44751.64,Store
ORD10893,2025-07-06,CUST1022,Chandigarh,Furniture,Bookshelf,5,6000,0.0,30000.0,7296.78,Store
ORD10894,2025-11-08,CUST1176,Noida,Electronics,Laptop,3,55000,0.05,156750.0,36827.25,Online
ORD10895,2025-01-07,CUST1110,Delhi,Furniture,Desk,1,11000,0.2,8800.0,2383.94,Online
ORD10896,2025-01-03,CUST1121,Faridabad,Furniture,Table Lamp,5,1800,0.0,9000.0,3409.12,Store
ORD10897,2025-04-21,CUST1117,Gurgaon,Furniture,Table Lamp,1,1800,0.15,1530.0,298.03,Store
ORD10898,2025-08-26,CUST1146,Chandigarh,Home & Kitchen,Cookware Set,2,3500,0.1,6300.0,2091.32,Online
ORD10899,2025-12-29,CUST1042,Faridabad,Furniture,Table Lamp,2,1800,0.2,2880.0,589.47,Online
ORD10900,2025-08-27,CUST1177,Ghaziabad,Home & Kitchen,Mixer,2,4500,0.0,9000.0,2750.25,Online
ORD10901,2025-10-01,CUST1120,Chandigarh,Electronics,Monitor,2,12000,0.1,21600.0,5020.15,Online
ORD10902,2025-10-21,CUST1015,Faridabad,Clothing,Sneakers,1,2800,0.2,2240.0,736.04,Online
ORD10903,2025-08-15,CUST1217,Gurgaon,Furniture,Bookshelf,3,6000,0.05,17100.0,3354.31,Store
ORD10904,2025-01-15,CUST1181,Noida,Home & Kitchen,Cookware Set,4,3500,0.0,14000.0,4074.41,Store
ORD10905,2025-07-11,CUST1161,Faridabad,Electronics,Laptop,2,55000,0.1,99000.0,26354.68,Online
ORD10906,2025-04-29,CUST1154,Noida,Furniture,Table Lamp,3,1800,0.1,4860.0,1072.8,Store
ORD10907,2025-01-28,CUST1046,Jaipur,Electronics,Monitor,4,12000,0.2,38400.0,9973.37,Store
ORD10908,2025-07-21,CUST1010,Jaipur,Home & Kitchen,Bedsheet,5,1600,0.0,8000.0,2957.98,Store
ORD10909,2025-02-08,CUST1134,Faridabad,Home & Kitchen,Bedsheet,2,1600,0.2,2560.0,735.13,Store
ORD10910,2025-09-30,CUST1078,Chandigarh,Furniture,Bookshelf,1,6000,0.1,5400.0,1930.13,Online
ORD10911,2025-08-19,CUST1195,Faridabad,Clothing,Jeans,1,1800,0.2,1440.0,437.62,Store
ORD10912,2025-03-27,CUST1108,Jaipur,Home & Kitchen,Mixer,2,4500,0.1,8100.0,2084.69,Online
ORD10913,2025-05-06,CUST1078,Jaipur,Clothing,Sneakers,2,2800,0.15,4760.0,1298.88,Store
ORD10914,2025-10-27,CUST1228,Gurgaon,Clothing,Sneakers,2,2800,0.2,4480.0,1517.84,Store
ORD10915,2025-01-25,CUST1124,Gurgaon,Clothing,T-Shirt,5,900,0.0,4500.0,954.81,Store
ORD10916,2025-05-25,CUST1040,Gurgaon,Electronics,Monitor,3,12000,0.1,32400.0,9121.49,Store
ORD10917,2025-01-13,CUST1238,Jaipur,Electronics,Monitor,3,12000,0.05,34200.0,6588.8,Online
ORD10918,2025-07-31,CUST1123,Jaipur,Home & Kitchen,Bedsheet,4,1600,0.05,6080.0,1911.74,Store
ORD10919,2025-01-25,CUST1155,Ghaziabad,Furniture,Office Chair,3,8500,0.1,22950.0,7160.38,Online
ORD10920,2025-03-09,CUST1192,Noida,Furniture,Office Chair,3,8500,0.2,20400.0,7010.18,Store
ORD10921,2025-03-08,CUST1131,Ghaziabad,Furniture,Office Chair,5,8500,0.2,34000.0,12110.08,Store
ORD10922,2025-08-21,CUST1121,Noida,Electronics,Laptop,2,55000,0.2,88000.0,20274.92,Store
ORD10923,2025-04-19,CUST1014,Chandigarh,Furniture,Table Lamp,2,1800,0.2,2880.0,843.61,Store
ORD10924,2025-05-26,CUST1034,Delhi,Clothing,Jeans,4,1800,0.15,6120.0,2212.12,Store
ORD10925,2025-04-21,CUST1223,Noida,Clothing,Jeans,1,1800,0.0,1800.0,398.92,Online
ORD10926,2025-08-16,CUST1106,Ghaziabad,Clothing,Sneakers,4,2800,0.05,10640.0,3689.41,Store
ORD10927,2025-04-21,CUST1130,Faridabad,Clothing,T-Shirt,4,900,0.05,3420.0,801.9,Online
ORD10928,2025-02-03,CUST1191,Delhi,Clothing,Jeans,2,1800,0.2,2880.0,710.39,Online
ORD10929,2025-04-21,CUST1139,Faridabad,Clothing,Sneakers,1,2800,0.05,2660.0,729.55,Online
ORD10930,2025-09-21,CUST1008,Faridabad,Electronics,Monitor,2,12000,0.2,19200.0,4204.13,Online
ORD10931,2025-08-24,CUST1182,Gurgaon,Clothing,Jeans,4,1800,0.2,5760.0,1430.43,Online
ORD10932,2025-03-24,CUST1167,Faridabad,Furniture,Desk,5,11000,0.15,46750.0,14520.53,Store
ORD10933,2025-02-11,CUST1038,Jaipur,Furniture,Bookshelf,1,6000,0.0,6000.0,1410.36,Online
ORD10934,2025-04-11,CUST1122,Jaipur,Clothing,Sneakers,4,2800,0.05,10640.0,2084.3,Online
ORD10935,2025-01-06,CUST1200,Ghaziabad,Electronics,Smartphone,2,22000,0.1,39600.0,14371.61,Store
ORD10936,2025-06-29,CUST1216,Delhi,Furniture,Desk,5,11000,0.0,55000.0,18297.29,Online
ORD10937,2025-10-09,CUST1204,Gurgaon,Electronics,Headphones,4,2500,0.0,10000.0,2886.36,Online
ORD10938,2025-11-16,CUST1234,Gurgaon,Clothing,Jeans,1,1800,0.15,1530.0,465.73,Online
ORD10939,2025-08-14,CUST1126,Chandigarh,Clothing,Jacket,2,3200,0.0,6400.0,2364.49,Online
ORD10940,2025-11-11,CUST1175,Delhi,Home & Kitchen,Air Fryer,1,7000,0.2,5600.0,1847.0,Online
ORD10941,2025-12-31,CUST1246,Gurgaon,Electronics,Headphones,4,2500,0.1,9000.0,1870.56,Store
ORD10942,2025-08-17,CUST1087,Faridabad,Home & Kitchen,Cookware Set,5,3500,0.15,14875.0,4964.21,Online
ORD10943,2025-10-16,CUST1161,Chandigarh,Clothing,Jacket,2,3200,0.05,6080.0,1623.8,Online
ORD10944,2025-05-30,CUST1210,Ghaziabad,Furniture,Table Lamp,1,1800,0.15,1530.0,321.86,Store
ORD10945,2025-10-04,CUST1065,Faridabad,Electronics,Smartphone,2,22000,0.1,39600.0,12815.21,Store
ORD10946,2025-07-17,CUST1057,Ghaziabad,Electronics,Headphones,5,2500,0.0,12500.0,3535.91,Store
ORD10947,2025-03-11,CUST1090,Noida,Home & Kitchen,Cookware Set,5,3500,0.1,15750.0,4903.68,Store
ORD10948,2025-04-22,CUST1156,Gurgaon,Clothing,Jeans,4,1800,0.05,6840.0,2577.27,Online
ORD10949,2025-01-04,CUST1135,Gurgaon,Furniture,Office Chair,4,8500,0.05,32300.0,12205.84,Store
ORD10950,2025-12-16,CUST1015,Ghaziabad,Furniture,Table Lamp,4,1800,0.15,6120.0,1343.91,Online
ORD10951,2025-11-27,CUST1169,Ghaziabad,Furniture,Office Chair,3,8500,0.05,24225.0,5720.81,Store
ORD10952,2025-11-14,CUST1143,Faridabad,Electronics,Headphones,2,2500,0.15,4250.0,1040.06,Online
ORD10953,2025-12-16,CUST1026,Ghaziabad,Furniture,Desk,1,11000,0.15,9350.0,3130.77,Online
ORD10954,2025-04-05,CUST1237,Delhi,Furniture,Bookshelf,5,6000,0.2,24000.0,6870.93,Online
ORD10955,2025-06-01,CUST1189,Chandigarh,Furniture,Bookshelf,5,6000,0.1,27000.0,9160.91,Store
ORD10956,2025-11-07,CUST1140,Gurgaon,Furniture,Table Lamp,5,1800,0.05,8550.0,3190.12,Online
ORD10957,2025-05-17,CUST1069,Jaipur,Home & Kitchen,Bedsheet,1,1600,0.15,1360.0,379.34,Store
ORD10958,2025-09-04,CUST1110,Gurgaon,Furniture,Desk,4,11000,0.1,39600.0,13989.13,Online
ORD10959,2025-08-31,CUST1078,Noida,Furniture,Bookshelf,2,6000,0.2,9600.0,2348.89,Store
ORD10960,2025-01-31,CUST1056,Delhi,Furniture,Desk,4,11000,0.2,35200.0,11037.51,Store
ORD10961,2025-02-09,CUST1143,Jaipur,Furniture,Office Chair,3,8500,0.05,24225.0,9048.27,Online
ORD10962,2025-08-17,CUST1010,Faridabad,Furniture,Office Chair,5,8500,0.1,38250.0,12681.73,Store
ORD10963,2025-02-05,CUST1204,Gurgaon,Electronics,Monitor,2,12000,0.15,20400.0,3767.4,Store
ORD10964,2025-08-11,CUST1146,Noida,Furniture,Office Chair,3,8500,0.0,25500.0,5255.38,Online
ORD10965,2025-01-06,CUST1004,Ghaziabad,Home & Kitchen,Cookware Set,1,3500,0.05,3325.0,760.63,Online
ORD10966,2025-11-18,CUST1170,Faridabad,Home & Kitchen,Air Fryer,5,7000,0.05,33250.0,7698.24,Store
ORD10967,2025-08-08,CUST1096,Gurgaon,Furniture,Office Chair,2,8500,0.05,16150.0,4943.99,Online
ORD10968,2025-03-16,CUST1174,Gurgaon,Home & Kitchen,Bedsheet,3,1600,0.1,4320.0,893.75,Store
ORD10969,2025-01-04,CUST1151,Jaipur,Furniture,Bookshelf,2,6000,0.0,12000.0,3746.53,Store
ORD10970,2025-12-01,CUST1215,Gurgaon,Electronics,Laptop,3,55000,0.0,165000.0,43385.2,Online
ORD10971,2025-05-14,CUST1216,Delhi,Furniture,Table Lamp,3,1800,0.1,4860.0,1358.91,Store
ORD10972,2025-04-28,CUST1196,Jaipur,Clothing,Jeans,1,1800,0.2,1440.0,298.26,Store
ORD10973,2025-04-04,CUST1086,Gurgaon,Home & Kitchen,Cookware Set,4,3500,0.1,12600.0,3031.14,Online
ORD10974,2025-03-03,CUST1213,Faridabad,Electronics,Headphones,4,2500,0.0,10000.0,3577.7,Online
ORD10975,2025-07-13,CUST1151,Faridabad,Clothing,Sneakers,2,2800,0.2,4480.0,1646.66,Store
ORD10976,2025-12-01,CUST1077,Noida,Furniture,Office Chair,5,8500,0.0,42500.0,12160.04,Store
ORD10977,2025-07-22,CUST1052,Noida,Home & Kitchen,Mixer,2,4500,0.15,7650.0,2451.28,Online
ORD10978,2025-01-26,CUST1034,Gurgaon,Clothing,Sneakers,1,2800,0.15,2380.0,868.56,Online
ORD10979,2025-06-22,CUST1231,Ghaziabad,Furniture,Bookshelf,2,6000,0.05,11400.0,3581.35,Store
ORD10980,2025-10-27,CUST1179,Ghaziabad,Clothing,Jeans,2,1800,0.1,3240.0,593.75,Store
ORD10981,2025-05-13,CUST1085,Jaipur,Electronics,Laptop,4,55000,0.0,220000.0,71199.7,Online
ORD10982,2025-11-22,CUST1185,Jaipur,Electronics,Laptop,1,55000,0.0,55000.0,12380.66,Online
ORD10983,2025-04-28,CUST1228,Gurgaon,Electronics,Monitor,5,12000,0.1,54000.0,20227.25,Online
ORD10984,2025-11-20,CUST1036,Gurgaon,Home & Kitchen,Mixer,1,4500,0.2,3600.0,797.77,Store
ORD10985,2025-10-02,CUST1219,Ghaziabad,Clothing,Jeans,1,1800,0.0,1800.0,401.33,Store
ORD10986,2025-07-31,CUST1025,Faridabad,Home & Kitchen,Air Fryer,4,7000,0.15,23800.0,6438.83,Online
ORD10987,2025-08-13,CUST1057,Ghaziabad,Furniture,Table Lamp,5,1800,0.05,8550.0,2694.4,Online
ORD10988,2025-01-20,CUST1170,Ghaziabad,Home & Kitchen,Bedsheet,1,1600,0.0,1600.0,419.96,Online
ORD10989,2025-04-23,CUST1230,Ghaziabad,Clothing,T-Shirt,3,900,0.0,2700.0,788.64,Online
ORD10990,2025-05-20,CUST1213,Chandigarh,Electronics,Monitor,4,12000,0.15,40800.0,14794.35,Store
ORD10991,2025-02-16,CUST1087,Delhi,Furniture,Bookshelf,3,6000,0.2,14400.0,3827.94,Online
ORD10992,2025-01-01,CUST1135,Jaipur,Home & Kitchen,Mixer,2,4500,0.1,8100.0,1541.64,Online
ORD10993,2025-03-31,CUST1017,Noida,Clothing,Jeans,2,1800,0.1,3240.0,882.87,Online
ORD10994,2025-05-22,CUST1167,Gurgaon,Electronics,Headphones,4,2500,0.1,9000.0,2100.31,Online
ORD10995,2025-11-16,CUST1168,Ghaziabad,Furniture,Desk,3,11000,0.0,33000.0,6714.74,Store
ORD10996,2025-02-07,CUST1196,Ghaziabad,Furniture,Desk,1,11000,0.2,8800.0,3242.38,Online
ORD10997,2025-10-20,CUST1057,Noida,Electronics,Monitor,3,12000,0.2,28800.0,7976.64,Store
ORD10998,2025-05-19,CUST1209,Delhi,Electronics,Headphones,1,2500,0.1,2250.0,778.29,Online
ORD10999,2025-12-22,CUST1152,Faridabad,Home & Kitchen,Bedsheet,4,1600,0.0,6400.0,1431.32,Online
ORD11000,2025-11-29,CUST1148,Delhi,Electronics,Smartphone,3,22000,0.1,59400.0,18556.78,Online
ORD10101,2025-05-16,CUST1058,Delhi,Furniture,Desk,4,11000,0.2,35200.0,7174.67,Online
ORD10251,2025-12-04,CUST1086,Jaipur,Home & Kitchen,Cookware Set,5,3500,0.15,14875.0,5492.27,Online
